,artist_name,album_name,release_date,total_tracks
0,TOTO,ライヴ・アット・武道館1982 (Live),2021-07-09,21
1,TOTO,With A Little Help From My Friends (Live),2021-06-25,12
3,TOTO,"Shinjuku, Tokyo, Japan, Koseinenkin Kaikan, March 12",2021-05-06,8
4,TOTO,デビュー40周年記念ライヴ40ツアーズ・アラウンド・ザ・サン,2019-01-30,26
5,TOTO,Old Is New,2018-11-06,10
6,TOTO,40 Tours Around The Sun (Live),2018-10-12,26
7,TOTO,Toto Xiv,2015-03-23,11
9,TOTO,Toto Xiv (With Commentary),2015-03-20,22
10,TOTO,Toto Xiv~聖剣の絆,2015-03-18,12
12,TOTO,35Th Anniversary: Live In Poland,2014-01-01,21
14,TOTO,"35Th Anniversary: Live In Poland (Live At The Atlas Arena, Lodz, Poland/2013)",2014-01-01,12
15,TOTO,Toto Falling In Between Live,2008-01-01,23
16,TOTO,Falling In Between Live,2007-10-29,23
17,TOTO,Falling In Between Live (Disc 2),2007-01-01,12
18,TOTO,Falling In Between Live (Disc 1),2007-01-01,11
0,Rick Astley,Whenever You Need Somebody (Deluxe Edition - 2022 Remaster),2022-05-20,36
2,Rick Astley,The Best Of Me,2019-12-29,31
4,Rick Astley,Beautiful Life,2018-07-13,12
6,Rick Astley,50,2016-06-10,12
8,Rick Astley,Portrait,2005-10-15,13
10,Rick Astley,3 Originals,2002-12-07,31
11,Rick Astley,Body & Soul,1993-09-09,10
13,Rick Astley,Free,1991-02-25,11
15,Rick Astley,Hold Me In Your Arms,1988-11-26,10
17,Rick Astley,Whenever You Need Somebody,1987-11-12,10
19,Rick Astley,Giving Up On Love Ep,2023-04-28,4
0,Falco,Einzelhaft (Deluxe Version),2023-01-27,28
1,Falco,Falco Symphonic (Live),2022-09-23,13
2,Falco,Falco - The Box,2022-02-11,36
3,Falco,Falco 65,2022-02-04,29
4,Falco,Falco - Sterben Um Zu Leben,2018-05-25,24
5,Falco,Falco Coming Home - The Tribute Donauinselfest 2017 (Live),2018-02-02,17
6,Falco,Exquisite,2016-02-19,8
7,Falco,Nachtflug (Remastered 2012),2012-01-01,24
8,Falco,Out Of The Dark (Into The Light) [Remastered 2012],2012-01-01,25
9,Falco,Essential,2011-01-01,14
10,Falco,Falco 3 25Th Anniversary Edition,2010-10-22,16
11,Falco,Donauinsel Live,2009-02-27,13
13,Falco,Einzelhaft 25Th Anniversary Edition,2004-03-08,21
14,Falco,Falco Symphonic,2004-03-04,16
15,Falco,Live Forever,1999-11-29,13
16,Falco,Verdammt Wir Leben Noch,1999-10-18,12
17,Falco,Out Of The Dark (Into The Light),1998-02-27,10
18,Falco,Nachtflug,1992-09-24,10
19,Falco,Charisma Kommando (All Versions) [2022 Remaster],1990-05-25,6
0,New Kids On The Block,Selections From Philadelphia 2022,2023-04-24,7
1,New Kids On The Block,Hangin' Tough (30Th Anniversary),2019-03-08,18
2,New Kids On The Block,Thankful (Unwrapped),2017-12-01,9
3,New Kids On The Block,10,2013-06-12,14
6,NKOTBSB,Nkotbsb,2011-05-24,13
7,New Kids On The Block,The Block (Deluxe Version),2008-01-01,19
8,New Kids On The Block,The Block,2008-01-01,15
12,New Kids On The Block,Face The Music,1993,14
13,New Kids On The Block,Step By Step,1990-06-04,12
14,New Kids On The Block,"Merry, Merry Christmas",1989,10
15,New Kids On The Block,Hangin' Tough,1988-09-02,10
16,New Kids On The Block,No More Games/The Remix Album,1988,12
17,New Kids On The Block,New Kids On The Block,1986-04-01,10
18,New Kids On The Block,Bring Back The Time,2022-03-03,1
19,New Kids On The Block,House Party,2020-04-24,1
0,Modern Talking,Back For Gold,2017-06-16,17
1,Modern Talking,Die Erfolgreichsten Hits (Remastered),2016-12-02,21
2,Modern Talking,50 Hits,2016-08-19,30
3,Modern Talking,Universe,2003-03-31,12
6,Modern Talking,Victory,2002-03-18,15
9,Modern Talking,America,2001-03-19,16
12,Modern Talking,Year Of The Dragon,2000-02-28,19
13,Modern Talking,2000 - Year Of The Dragon,2000-02-28,19
15,Modern Talking,Alone,1999-02-18,17
17,Modern Talking,Back For Good/2Nd,1998-09-21,18
19,Modern Talking,Back For Good,1998-03-01,18
0,Kenny Loggins,Listen To The Voices (Live 1988),2022-12-05,19
1,Kenny Loggins,One Night In Texas (Live 1982),2019-07-26,23
2,Kenny Loggins,How About Now,2007-02-20,12
5,Kenny Loggins,More Songs From Pooh Corner,2000,11
6,Kenny Loggins,December,1998-10-06,11
7,Kenny Loggins,The Unimaginable Life,1997-04-10,14
8,Kenny Loggins,Return To Pooh Corner,1994-05-20,10
9,Kenny Loggins,Outside: From The Redwoods,1993-07-20,13
10,Kenny Loggins,Leap Of Faith,1991-09-01,12
11,Kenny Loggins,Back To Avalon,1988-08-02,11
12,Kenny Loggins,Vox Humana,1985-05-02,9
13,Kenny Loggins,High Adventure,1982-07-17,9
15,Kenny Loggins,Alive,1980,18
16,Kenny Loggins,Keep The Fire,1979,9
17,Kenny Loggins,Nightwatch,1978,9
18,Kenny Loggins,Celebrate Me Home,1977,10
19,Kenny Loggins,"Farewell Concert 1976 (Live: Nassau Coliseum, Uniondale, Ny 21 Aug '76)",1976,16
0,Ivana Spagna,1954,2019-10-25,10
1,Ivana Spagna,Woman,2017-07-06,11
2,Ivana Spagna,L'Arte Di Arrangiarsi,2017-07-04,11
3,La Curva,Pazza Inter,2014-10-17,13
4,Ivana Spagna,Remember Easy Hits,2014-07-10,18
6,Ivana Spagna,Buon Natale,2012-12-10,12
7,Ivana Spagna,Un'Ora Con...,2012-06-26,14
8,Ivana Spagna,Il Cerchio Della Vita,2012-06-24,16
9,Ivana Spagna,Four,2012,10
10,Ivana Spagna,Diario Di Bordo: Voglia Di Sdraiarmi Al Sole,2009-04-22,11
11,Ivana Spagna,Diario Di Bordo,2009-03-18,8
12,Ivana Spagna,Ivana Spagna,2007-06-28,18
14,Ivana Spagna,I Grandi Successi,2006-02-01,50
15,Ivana Spagna,Le Sue Più Belle Canzoni,2004-08-27,31
17,Ivana Spagna,La Nostra Canzone,2001-05-16,10
18,Ivana Spagna,Domani,2000-02-22,13
19,Ivana Spagna,E Che Mai Sara',1998-05-07,16
0,Imagination,Flashback - Revised & Remixed Classics (40Th Anniversary Edition),2021-12-10,15
1,Imagination,Just An Illusion The Legacy (15 International Dj Remixes),2018-04-23,15
2,Imagination,"You Can Be All You Want To Be, Pt. 2 (9 International Remixes)",2018-02-12,9
3,Imagination,You Can Be All You Want To Be (16 Exclusive Dj Mixes),2017-11-22,16
4,Imagination,Retropia,2017,19
5,Imagination,Night Dubbing Ii (Feat. Errol Kennedy),2014-11-03,12
6,Imagination,Fascination Of The Physical,2011-10-31,27
7,Imagination,Night Dubbing,2011-06-27,8
8,Imagination,In The Heat Of The Night,2011-01-20,8
9,Imagination,Closer,1987,14
10,Imagination,Trilogy,1986,12
11,Imagination,Night Dubbing (Remastered 2023),1983-01-01,8
13,Imagination,Scandalous,1983,8
15,Imagination,Body Talk,1981,7
16,Imagination,Shake It,1980-07-17,8
17,Don Arcadio,Flashback,2023-01-20,1
18,Imagination,Burnin' Up,2022-08-24,2
19,Imagination,One In A Million (Feat. Errol Kennedy),2019-02-14,1
0,The Alan Parsons Project,Gaudi,1987-02-22,7
3,The Alan Parsons Project,Gaudi (Expanded Edition),1987,14
4,The Alan Parsons Project,Stereotomy (Expanded Edition),1985-11-01,13
5,The Alan Parsons Project,Stereotomy,1985-11-01,9
6,The Alan Parsons Project,Vulture Culture,1985,8
7,The Alan Parsons Project,Vulture Culture (Expanded Edition),1984-12-01,13
9,The Alan Parsons Project,Ammonia Avenue (Expanded Edition),1984-02-07,17
10,The Alan Parsons Project,Ammonia Avenue,1984-02-07,9
12,The Alan Parsons Project,Eye In The Sky (Alben Für Die Ewigkeit),1982-06-01,16
13,The Alan Parsons Project,Eye In The Sky,1982-06-01,10
14,The Alan Parsons Project,Eye In The Sky (Expanded Edition),1982,16
15,The Alan Parsons Project,The Turn Of A Friendly Card (Expanded Edition),1980-11-01,17
16,The Alan Parsons Project,The Turn Of A Friendly Card,1980-11-01,10
18,The Alan Parsons Project,Eve (Expanded Edition),1979-08-27,16
19,The Alan Parsons Project,Eve,1979-08-27,9
0,Bee Gees,Vaults - 24 Original Tracks - Early Years,2022-06-10,24
1,Bee Gees,How Can You Mend A Broken Heart,2020-12-11,25
2,Bee Gees,Spick And Span,2019-04-05,12
3,Bee Gees,This Is Where I Came In,2001-01-01,12
4,Bee Gees,One Night Only,1998-01-01,24
5,Bee Gees,Still Waters,1997-01-01,12
6,Bee Gees,Size Isn'T Everything,1993-01-01,11
7,Bee Gees,High Civilization,1991-03-25,11
8,Bee Gees,One,1989-04-17,11
9,Bee Gees,E.S.P.,1987-09-01,11
10,Bee Gees,Living Eyes,1981-10-01,10
11,Bee Gees,Spirits Having Flown,1979-02-05,10
12,Bee Gees,Here At Last… Bee Gees …Live,1977-01-01,18
13,Bee Gees,Children Of The World,1976-01-01,10
14,Bee Gees,Main Course,1975-06-01,10
15,Bee Gees,Mr. Natural,1974-01-01,11
16,Bee Gees,Life In A Tin Can,1973-01-01,8
17,Bee Gees,To Whom It May Concern,1972-01-01,13
18,Bee Gees,Trafalgar,1971-09,12
19,Bee Gees,Melbourne 1971,1971,15
0,"Earth, Wind & Fire",Begin The Dance (Live 1988),2023-02-15,17
1,"Earth, Wind & Fire",Bring Yourself True (Live 1974),2022-01-20,7
2,"Earth, Wind & Fire",Elemental (Live 1988),2021-01-29,13
3,"Earth, Wind & Fire",Grandmix Earth Wind & Fire (Mixed By Ben Liebrand),2020-08-21,74
4,"Earth, Wind & Fire","Earth, Wind & Fire Millennium Concert Japan '94",2019-12-21,16
6,"Earth, Wind & Fire","Earth, Wind & Fire (Live In Tokyo)",2018-01-19,17
7,"Earth, Wind & Fire",Live In Tokyo,2017-06-23,17
8,"Earth, Wind & Fire",Holiday,2014-10-21,13
9,"Earth, Wind & Fire",The Promise,2014-06-10,18
10,"Earth, Wind & Fire","Now, Then & Forever",2013-09-11,23
13,"Earth, Wind & Fire","Now, Then & Forever (Expanded Edition)",2013-09-10,15
14,"Earth, Wind & Fire",Live In Japan,2008-08-11,13
15,"Earth, Wind & Fire",Illumination,2005-09-19,14
18,"Earth, Wind & Fire","Earth, Wind & Fire Live In Velfarre",2003,18
19,"Earth, Wind & Fire",That'S The Way Of The World: Alive In '75,2002-05-24,11
0,Sabrina,All Of Me,2008-01-01,26
2,Sabrina,A Flower'S Broken,1999-01-01,10
4,Sabrina,Maschio Dove Sei,1995,10
5,Sabrina,Over The Pop,1991-02-28,13
7,Sabrina,Super Remix (Remastered),1990-01-01,7
9,Sabrina,Super Sabrina,1988-10-31,8
10,Sabrina,Super Sabrina (Remastered),1988-01-01,8
11,Sabrina,Sabrina,1988,10
12,Sabrina,Johnny,2023-02-08,1
13,Eva,Superstars,2022-09-09,1
14,Sabrina,Sabrina (Remastered),2022-04-12,4
15,Sabrina,Voices (French Version),2019-01-18,1
16,Sabrina,Voices - The Remixes,2019-01-18,3
17,Sabrina,Voices,2018-11-30,1
18,Sabrina,Ouragan,2015-07-31,1
19,Sabrina,Siamo Donne,2015,1
0,Divinyls,"Legends Live In Concert (Live In Australia, 1998)",2006,9
1,Divinyls,Divinyls,1991-01-01,11
2,Divinyls,Essential,1991-01-01,12
3,Divinyls,Temperamental,1988-03-03,11
4,Divinyls,What A Life!,1985-05-20,10
5,Divinyls,Desperate,1983-01-01,10
6,Divinyls,Music From Monkey Grip (Original Motion Picture Soundtrack),1982-05-03,7
7,Divinyls,Don'T Wanna Do This,2007-01-01,2
8,Various Artists,Lata 90,2023-04-18,67
9,Various Artists,Pride: Retro Anthems,2023-04-07,32
10,Various Artists,90Er Best Of,2023-03-23,99
11,Various Artists,The Best Bbq Album In The World...Ever!,2023-02-12,91
12,Various Artists,The Best Braai Album In The World...Ever!,2023-02-12,86
13,Various Artists,90S Party Hits,2022-12-01,96
14,Various Artists,Fiesta Temática 80S,2022-10-14,23
15,Various Artists,Walking On Sunshine,2022-08-08,25
16,Various Artists,Tubes Pour L'Été - Années 90,2022-07-02,51
17,Various Artists,Positive Alternative Rock For Kids,2022-06-10,22
18,Various Artists,Alternative Pop For Kids,2022-06-10,32
19,Various Artists,Pride Month Polska,2022-06-03,37
0,Fine Young Cannibals,Fine Young Cannibals (Remastered & Expanded),2020-12-18,37
1,Fine Young Cannibals,The Finest,1996-11-26,20
2,Fine Young Cannibals,The Raw & The Cooked (Remastered & Expanded),1989-02-01,32
3,Fine Young Cannibals,The Raw & The Cooked,1988-01-01,10
4,Fine Young Cannibals,Fine Young Cannibals,1985-01-01,10
5,Fine Young Cannibals,Fine Young Cannibals Remix Ep,2020-12-18,7
6,Fine Young Cannibals,The Flame (Remixes),2009-11-01,4
7,Fine Young Cannibals,Love For Sale,1990-09-25,1
8,Various Artists,Extend The 80S: Hits,2018-04-20,30
9,Various Artists,Smash Hits The 80S,2017-06-23,43
10,Various Artists,Trance,2014-01-24,22
11,Various Artists,50 Retro Songs To Hear While You'Re Still Alive,2013-01-01,50
12,Mousse T.,Gourmet De Funk,2002-01-01,18
13,Red Hot Org,Red Hot + Blue: A Tribute To Cole Porter,1990-09-25,20
0,Fran,Ciencia Fricción,2022-07-07,10
1,Fran,Trebol,2023-03-30,1
2,Fran,Gritemos Gol,2022-11-25,1
3,Fran,Amor Particular,2022-09-30,1
4,Fran,Pensando En Ti,2022-07-08,1
6,Fran,12 Pasos,2022-02-11,1
7,Fran,Contigo,2021-11-19,1
8,Fran,Icónicos,2021-10-22,1
9,Fran,Vamos Con Tokio,2021-07-09,1
10,Fran,Ntddp,2021-05-07,1
11,Fran,Prófugos,2021-02-19,1
12,Fran,Tú Y Yo,2020-11-06,1
13,Fran,Lobo Hombre En París,2020-09-04,1
14,Fran,Plural,2020-07-31,1
15,Fran,Lucha De Gigantes,2020-05-08,1
16,Fran,Kilómetros,2020-03-27,1
17,Fran,Sempiterno,2019-11-22,1
0,Blondie,Against The Odds: 1974 - 1982,2022-08-26,52
1,Blondie,"Vivir En La Habana (Live From Havana, 2019)",2021-07-16,6
2,Blondie,Alive In Texas '79 (Live Kbfh Broadcast),2020-05-27,7
3,Blondie,Pollinator,2017-05-05,11
5,Blondie,Real Real Blondie,2015-10-12,13
6,Blondie,Blondie At The Bbc,2010-01-01,22
7,Blondie,Picture This Live,2006-01-01,15
8,Blondie,Live By Request,2005-10-03,14
9,Blondie,Live,1999-11-23,17
12,Blondie,Atomic/Atomix,1999-01-01,29
13,Blondie,Live: Philadelphia 1978/Dallas 1980,1997-01-01,15
14,Blondie,Remixed Remade Remodeled: The Blondie Remix Project,1995-07-18,11
15,Blondie,Remixed Remade Remodeled - The Blondie Remix Project,1995-07-18,11
16,Blondie,Beautiful,1995-01-01,12
17,Blondie,The Hunter,1982-06-05,12
18,Blondie,Autoamerican,1980-11-01,15
19,Blondie,Eat To The Beat,1979-10-01,16
0,Soft Cell,Happiness Not Included,2022-05-06,12
2,Soft Cell,Cruelty Without Beauty (Remastered Edition),2020-10-30,12
3,Soft Cell,"Say Hello, Wave Goodbye",2019-07-26,29
4,Soft Cell,Keychains & Snowstorms – The Soft Cell Story,2018-09-07,128
5,Soft Cell,The Singles – Keychains & Snowstorms,2018-09-07,20
6,Soft Cell,Live,2003-10-07,26
8,Soft Cell,Cruelty Without Beauty,2002-01-01,12
10,Soft Cell,Memorabilia: The Singles,1990-05-20,14
11,Soft Cell,This Last Night In Sodom,1984-01-01,10
12,Soft Cell,This Last Night...In Sodom,1984,16
13,Soft Cell,The Art Of Falling Apart,1983-01-05,12
17,Soft Cell,Non-Stop Ecstatic Dancing,1982-08-21,7
18,Soft Cell,Non Stop Erotic Cabaret (Deluxe Edition),1981-12,29
19,Soft Cell,Non-Stop Erotic Cabaret (Rarities Edition),1981-12,19
0,Eddie Murphy,Love'S Alright,1993-01-01,12
1,Eddie Murphy,So Happy,1989-02-05,10
2,Eddie Murphy,How Could It Be,1985-02-05,8
3,Eddie Murphy,Wonna Deez Nites,2015-06-30,1
4,Eddie Murphy,Oh Jah Jah,2015-01-27,1
5,Eddie Murphy,Eddie Murphy Interview With Ebony Moments (Live Interview),2013-02-25,1
6,Daniel Quiñones,El Planeta Dorado,2022-11-29,9
7,Scott Bomar,Dolemite Is My Name (Music From The Netflix Film),2019-10-04,22
8,Various Artists,Marek Sierocki Przedstawia: I Love 80'S Vol. 2,2017-04-03,36
9,Various Artists,Seria Filmowa Empik - Musicale,2017-02-27,18
10,Various Artists,Happy Birthday,2016-04-22,18
11,Various Artists,To Byly Czasy! To Byla Muzyka! 1989,2016-04-01,16
12,Strictly The Best,Strictly The Best Vol. 52 & 53 - Special Edition,2015-12-11,28
13,Various Artists,Spend Some Time With Me,2015-09-25,34
14,Various Artists,Reggae Gold 2015,2015-07-17,20
15,Various Artists,Formel 80 - 80 Perlen Der 80Er,2015-03-20,80
16,Various Artists,Grand 12 Inches 11,2014-05-23,40
17,Various Artists,Echt Kultig - Party,2014-03-21,51
18,Various Artists,80 Totally 80S Hits,2014-03-03,80
19,Various Artists,"Disco - 100 Hit'S - Dance Floor Fillers From The 70S And 80S Inc. The Jacksons, Boney M & Earth Wind & Fire",2013-06-21,100
0,Yazoo,Four Pieces,2018-10-26,38
2,Yazoo,Only You,2018-04-27,20
3,Yazoo,Reconnected Live,2010-09-28,20
6,Yazoo,You And Me Both (2008 - Remaster),2008-06-30,11
7,Yazoo,Upstairs At Eric'S (Remastered),2008-06-30,11
8,Yazoo,In Your Room,2008-05-26,34
9,Yazoo,You And Me Both,1983-07-20,11
11,Yazoo,You And Me Both (Remastered),1983-07-04,11
13,Yazoo,Upstairs At Eric'S (2008 Remastered Version),1982-08-20,11
14,Yazoo,Upstairs At Eric'S,1982-07-01,12
16,Yazoo,Upstairs At Eric’S,1982,12
17,Yazoo,Situation,2019-06-07,2
18,Yazoo,Situation (The François K Remixes),2018-04-27,4
0,Thompson Twins,Box,2010-12-03,123
1,Thompson Twins,Dance Vault Remixes,2006-05-30,8
3,Thompson Twins,Thompson Twins 12 Inch Collection,2004-12-28,11
4,Thompson Twins,Arista Heritage Series: Thompson Twins,1999-07-19,11
6,Thompson Twins,The Collection,1993-08-01,14
7,Thompson Twins,Here'S To Future Days,1992,10
8,Thompson Twins,Queer,1991-09-24,12
9,Thompson Twins,Big Trash,1989-09-26,11
10,Thompson Twins,Close To The Bone,1987-03-26,10
13,Thompson Twins,Into The Gap,1984-02-17,9
14,Thompson Twins,Into The Gap (Deluxe Edition),1984-01-01,25
17,Thompson Twins,Quick Step And Side Kick,1984,10
18,Thompson Twins,Quick Step And Side Kick (Deluxe Edition),1983-02-01,27
0,Londonbeat,30 Years,2019-06-14,30
3,Londonbeat,Back In The Hi-Life,2015-04-13,17
5,Londonbeat,Gravity,2004-10-04,12
6,Londonbeat,Hitcollection Vol. 1 - Back In The Hi-Life,2004-02-07,17
8,Londonbeat,Best! The Singles 16 Tracks,1995-11-20,16
9,Londonbeat,Best! The Singles,1995-11-18,18
10,Londonbeat,Londonbeat,1995-01-01,11
11,Londonbeat,Harmony,1992-08-19,11
12,Londonbeat,In The Blood,1990-09-18,12
14,Londonbeat,Speak,1988-01-01,14
15,Londonbeat,The Knock,2023-03-17,1
16,Klaas,I'Ve Been Thinking About You (Alex K'S Nrg Beefed Remix),2019-10-11,2
17,Klaas,I'Ve Been Thinking About You (Remixes),2019-10-11,8
18,Londonbeat,I'Ve Been Thinking About You (Mopheus Remix),2019-09-20,2
0,Kool & The Gang,Zenith (Live 1988),2022-06-10,9
1,Kool & The Gang,Perfect Union,2021-08-20,10
2,Kool & The Gang,Collected,2018-05-25,56
3,Kool & The Gang,Kool & The Gang And Friends!,2016-09-27,11
4,Kool & The Gang,Kool For The Holidays,2013-11-05,14
5,Kool & The Gang,Live At Montreux 2009,2009-01-01,13
6,Kool & The Gang,State Of Affairs,1995,12
7,Kool & The Gang,Sweat,1989-01-01,11
8,Kool & The Gang,Forever,1986-11-03,9
9,Kool & The Gang,Emergency (Reissue),1984-11-15,7
10,Kool & The Gang,In The Heart,1983-11-21,9
11,Kool & The Gang,As One,1982-09-07,7
12,Kool & The Gang,Something Special,1981,9
13,Kool & The Gang,Celebrate!,1980-09-29,8
14,Kool & The Gang,Ladies' Night,1979-05-13,6
15,Kool & The Gang,Everybody’S Dancin’ (Expanded Edition),1978-01-01,12
16,Kool & The Gang,The Force (Expanded Edition),1977-01-01,11
17,Kool & The Gang,Love & Understanding,1976-03,8
18,Kool & The Gang,Open Sesame (Expanded Edition),1976-01-01,11
19,Kool & The Gang,Spirit Of The Boogie,1975,9
0,Frankie Goes To Hollywood,Liverpool,1986-10-20,8
1,Frankie Goes To Hollywood,Welcome To The Pleasuredome,1984-10-20,16
2,Frankie Goes To Hollywood,The Power Of Love (Remixes),2022-12-02,4
3,Frankie Goes To Hollywood,Wildlife (Cassetted),1987-02-23,6
4,Frankie Goes To Hollywood,Bang! (Here Comes A Supernova),1985-01-01,6
5,Frankie Goes To Hollywood,The Power Of Love (Singlette),1984-11-09,6
6,Frankie Goes To Hollywood,Twelve Inches,2001-08-18,18
7,Frankie Goes To Hollywood,Maximum Joy,2000-01-06,20
8,Frankie Goes To Hollywood,Reload! Frankie: The Whole 12 Inches,1994-05-01,9
9,Frankie Goes To Hollywood,Bang!... The Greatest Hits Of Frankie Goes To Hollywood,1993-11-18,13
10,Various Artists,Christmas 2023,2023-04-27,97
11,Various Artists,Lata 80,2023-04-18,46
12,Various Artists,Thinkin Of Us,2023-04-14,31
13,Various Artists,Pride: Retro Anthems,2023-04-07,32
14,Various Artists,Best Of The Best: The 80'S,2023-04-06,93
15,Various Artists,80S Party Hits,2023-03-23,81
16,Various Artists,Pop Love Hits Vol 16,2023-03-22,34
17,Various Artists,Movida Pop Hits Anni 80'S,2023-03-22,66
18,Various Artists,80Er Best Of,2023-03-21,96
19,Various Artists,No Judgement,2023-03-13,33
0,Muziek Grand Band,70'S & 80'S Night,2022-11-25,10
1,Muziek Grand Band,Heaven Must Be Missing An Angel/That´S The Way/Disco Inferno,2022-12-23,1
2,Muziek Grand Band,Arthur'S Theme/Careless Whisper/I Just Called To Say I Love/Africa,2022-12-02,1
3,Muziek Grand Band,If You Leave Me Now/After The Love Has Gone/Baby Come Back/Total Eclipse Of The Heart,2022-11-11,1
4,Muziek Grand Band,Regresa A Mí/Hasta Mi Final,2022-10-21,1
5,Muziek Grand Band,September/Dancing Queen/You Should Be Dancing,2022-09-30,1
6,Muziek Grand Band,"L.O.V.E./New York, New York",2022-09-09,1
7,Muziek Grand Band,Piel Canela / Sway,2022-08-19,1
8,Muziek Grand Band,El Triste/Vive/Baño De Mujeres/Toda La Vida,2022-07-29,1
9,Muziek Grand Band,"You'Ll Never Find Another Love Like Mine/Love Is In The Air/Can'T Get Enough Of Your Love Babe/My First, My Last, My Everything",2022-07-08,1
10,Muziek Grand Band,Beauty And The Beast/Be Our Guest,2022-06-17,1
11,Muziek Grand Band,I Will Always Love You/Unchained Melody/My Heart Will Go On,2022-05-27,1
12,Muziek Grand Band,Maldita Primavera/Palabra De Honor/Un Hombre Busca A Una Mujer/Suave,2022-05-06,1
13,Muziek Grand Band,"Can'T Take My Eyes Off You/Quando, Quando, Quando",2022-04-15,1
14,Muziek Grand Band,This Will Be,2022-03-25,1
15,Muziek Grand Band,"Satin Soul/Can'T Get Enough Of Your Love, Babe/You'Re The Firts, The Last, My Everything",2022-03-04,1
16,Muziek Grand Band,Never Gonna Give You Up/Maniac,2022-02-11,1
17,Muziek Grand Band,Lets All Chant / Keep It Coming Love / Don'T Take Away The Music,2022-01-21,1
18,Muziek Grand Band,Ymca / Can'T Take My Eyes Off You / I Will Survive (Live),2021-12-31,1
19,Muziek Grand Band,The Hustle / Rock The Boat / Born To Be Alive (Live),2021-12-10,1
0,Bahía Coco,Sesiones Del Manglar (Acústico),2023-02-23,3
1,Bahía Coco,Yo Por Ti,2022-09-29,1
2,Bahía Coco,Cosita Bonita,2021-09-16,1
3,Bahía Coco,Agradecer,2021-07-30,1
4,Bahía Coco,Glamour,2021-04-16,1
5,Bahía Coco,Mar,2021-01-08,1
6,Bahía Coco,Sueño,2020-08-21,1
7,Bahía Coco,Dime,2020-04-11,1
8,Bahía Coco,Conexión,2019-12-26,1
9,Bahía Coco,Contigo,2019-10-21,1
0,Leo Rod,No Te Voy A Amar,2023-02-17,1
1,Leo Rod,Aquí O Allá,2023-01-13,1
2,Leo Rod,Magia,2022-06-17,1
3,Leo Rod,Volando Lejos,2022-03-04,1
4,Leo Rod,Quiero Vivir,2022-01-18,1
5,Bahía Coco,Glamour,2021-04-16,1
6,Leo Rod,Gravitación,2020-10-16,1
7,Leo Rod,No Puedes Tener Todo En Control,2020-08-07,1
8,Leo Rod,La Chica Que Se Va,2020-02-07,1
9,Leo Rod,No Es Así,2019-10-11,1
10,Bahía Coco,Sesiones Del Manglar (Acústico),2023-02-23,3
0,New Order,Low-Life (Definitive),2023-01-27,22
1,New Order,Be A Rebel Remixed,2021-08-27,13
2,New Order,"Education, Entertainment, Recreation (Live)",2021-05-07,21
3,New Order,"∑(No,12K,Lg,17Mif) New Order + Liam Gillick: So It Goes..",2019-07-12,18
4,New Order,"∑(No,12K,Lg,17Mif) New Order + Liam Gillick: So It Goes.. (Live At Mif)",2019-07-12,18
6,New Order,Nomc15 (Live),2017-12-01,19
7,New Order,Nomc15,2017-12-01,19
9,New Order,Complete Music,2016-05-13,22
12,New Order,Music Complete,2016-05-12,11
18,New Order,Live At Bestival 2012,2013-07-08,13
0,Limahl,All The Hits Plus More,2011-06-03,16
1,Limahl,Don'T Suppose,2009-09-25,15
2,Limahl,Colour All My Days,1986,12
3,Limahl,Neverending Story (From Stranger Things),2021-11-01,1
4,Limahl,One Wish For Christmas,2020-11-13,1
5,Limahl,Still In Love,2020-06-05,1
6,Limahl,Never Ending Story,2019-07-19,4
7,Limahl,Only For Love (Uk Chart Top 20 - No. 16),2018-12-20,1
8,Limahl,Too Much Trouble (Uk Chart Top 100 - No. 64),2018-12-20,1
9,Limahl,1983,2012-01-10,6
11,Limahl,Never Ending Story (Uk Chart Top 40 - No. 4),2000,1
12,Limahl,The Best Of Limahl,2016-09-29,16
13,Kajagoogoo,Too Shy: The Best Of Kajagoogoo & Limahl,2009-09-07,17
15,Limahl,Greatest Hits,2001,14
16,Kajagoogoo,The Very Best Of Kajagoogoo And Limahl,1999,19
17,Kajagoogoo,Too Shy-The Singles...And More,1993-09-13,17
18,Various Artists,Hits Rewind,2023-04-28,99
19,Various Artists,80'S Easy,2023-04-28,55
0,Ace of Base,The Golden Ratio,2011-01-31,13
1,Ace of Base,Da Capo,2002-09-30,13
2,Ace of Base,Cruel Summer,1998-07-14,13
3,Ace of Base,Flowers,1998-01-21,15
4,Ace of Base,The Bridge,1995-11-07,18
5,Ace of Base,Happy Nation (U.S. Version),1994-01-01,16
6,Ace of Base,The Sign,1993-12-24,13
7,Ace of Base,Happy Nation,1992-11-16,14
8,Ace of Base,Dancer In A Daydream (Trace Adam Remix),2021-11-19,4
9,Ace of Base,Happy Nation (Trace Adam Remix),2020-11-20,2
10,Ace of Base,Happy Nation (Fred & Mykos Remix),2020-10-23,3
11,Ace of Base,Wheel Of Fortune (Singlewave Remix),2020-09-25,2
12,Ace of Base,Beautiful Life (Mike Ross Definitive Club Mix),2020-08-27,3
14,Ace of Base,All That She Wants (Moombahteam Remix),2020-07-10,1
15,Ace of Base,"Always Have, Always Will (Matt Pop 2020 Remix)",2020-07-10,1
16,Ace of Base,All That She Wants (Mowlo Remix),2016-06-03,1
17,Ace of Base,All That She Wants (Remixes 2016),2016-05-06,2
18,Ace of Base,Happy Nation (Dzintars Leja Remix),2015-12-11,2
19,Ace of Base,All That She Wants (A Spitzenklasse Remix),2015-07-03,1
0,Sugar Ray,Little Yachty,2019-07-26,11
2,Sugar Ray,Music For Cougars,2009-07-21,12
4,Sugar Ray,In The Pursuit Of Leisure,2003-05-28,12
5,Sugar Ray,Sugar Ray,2001-06-12,11
6,Sugar Ray,14:59,1998-12-23,13
7,Sugar Ray,Floored,1997-06-20,13
8,Sugar Ray,Lemonade And Brownies,1995-04-07,14
9,Sugar Ray,Good Good Lovin,2019-07-19,1
11,Sugar Ray,Highest Tree,2019-06-28,1
13,Sugar Ray,Make It Easy,2019-06-07,1
15,Sugar Ray,Day 'N' Nite,2009-09-22,1
16,Sugar Ray,Fly Ep,2009-07-14,4
17,Sugar Ray,Boardwalk,2009-06-02,1
18,Sugar Ray,Is She Really Going Out With Him? (Online Music),2003-06-24,1
19,Sugar Ray,Chasin' You Around (Online Apple Music Store),2003-05-27,1
0,George Michael,Older (Expanded Edition),2022-09-30,44
1,George Michael,Older + Upper,2022-09-30,17
2,George Michael,Listen Without Prejudice / Mtv Unplugged (Deluxe),2017-10-20,37
3,George Michael,Symphonica (Deluxe Version),2014-01-01,17
4,George Michael,Patience,2004-03-15,14
5,George Michael,Songs From The Last Century,1999-12-06,10
6,George Michael,Older,1996-05-13,11
8,George Michael,Listen Without Prejudice (Remastered),1990-09-01,10
9,George Michael,Faith,1987-10-30,19
11,Waze & Odyssey,Always,2020-02-28,1
12,George Michael,This Is How (We Want You To Get High),2019-11-06,3
13,George Michael,Fantasy (Feat. Nile Rodgers),2017-09-07,1
14,George Michael,Let Her Down Easy,2014-01-01,1
15,George Michael,White Light,2012-01-01,1
16,George Michael,White Light (The Remixes),2012-01-01,6
17,George Michael,White Light Ep,2012-01-01,4
18,George Michael,True Faith,2011-04-04,1
0,Richard Marx,Songwriter,2022-09-30,20
2,Richard Marx,One Night In New York City (Live 1987),2021-05-24,11
3,Richard Marx,Limitless,2020-02-07,12
5,Richard Marx,Repeat Offender Revisited,2019-04-26,11
7,Richard Marx,Beautiful Goodbye,2019-04-26,11
8,Richard Marx,Christmas Spirit,2019-04-26,13
9,Richard Marx,A Night Out With Friends (Live),2019-04-26,12
10,Richard Marx,Days In Avalon,2019-04-26,12
12,Richard Marx,Now And Forever (The Ballads),2014-01-01,14
13,Richard Marx,Now And Forever: The Ballads,2014-01-01,14
16,Richard Marx,Inside My Head,2012-06-01,25
17,Richard Marx,Stories To Tell,2011-05-03,27
0,Rockwell,Somebody’S Watching Me (Deluxe Edition),2021-10-22,18
1,Rockwell,Captured,1985-01-15,8
2,Rockwell,Somebody'S Watching Me,1984-01-30,8
3,Adverse,Reload,2021-12-20,1
4,Rockwell,Somebody'S Watching Me (Syzz Remix),2021-10-15,1
5,Josef Salvat,Open Season (Rockwell Remix),2015-10-23,1
6,Rockwell,Somebody Is Watchin' Me,1985,1
7,Various Artists,Bangin Beatz Vol 13,2023-04-15,39
8,Various Artists,80S Soul,2023-04-04,15
9,Various Artists,Eighties' Love Tunes,2023-04-04,15
10,Various Artists,Lovestruck In The 80S,2023-03-25,15
11,Various Artists,80S Party Hits,2023-03-23,81
12,Various Artists,Funk & Disco 80S Hits,2023-03-21,45
13,Various Artists,Wednesday Songs And Songs Inspired By Wednesday,2023-01-31,10
14,Various Artists,Greatest Hits Of The 80'S,2022-12-22,32
15,Various Artists,Happy New Year | Gelukkig Nieuw Jaar | Frohes Neues Jahr| Bonne Année,2022-12-18,99
16,Various Artists,New Year'S Eve Party 2022,2022-12-17,87
17,Various Artists,80S Montage Music,2022-12-16,20
18,Various Artists,This Is Halloween,2022-10-31,22
19,Various Artists,Scary And Spooky Songs,2022-10-30,32
0,Gary Numan,Intruder,2021-05-21,13
2,Gary Numan,"When The Sky Came Down (Live At The Bridgewater Hall, Manchester)",2019-12-13,20
4,Gary Numan,Savage (Live At Brixton Academy),2018-11-23,18
6,Gary Numan,Savage (Songs From A Broken World) [Expanded Edition],2018-11-09,13
8,Gary Numan,Live At Hammersmith Odeon 1989 (Audio Version),2017-10-06,10
9,Gary Numan,Savage (Songs From A Broken World),2017-09-15,10
11,Gary Numan,British Live Performance Series,2017-01-27,10
12,Gary Numan,Here In The Black – Live At Hollywood Forever Cemetery,2016-02-19,20
13,Gary Numan,Terrestrial Channels,2014-03-21,9
14,Gary Numan,From Inside - Gary Numan Special Edition (Original Motion Picture Soundtrack),2014,26
15,Gary Numan,Splinter (Songs From A Broken Mind) [Deluxe Version],2013-10-15,18
16,Gary Numan,Splinter (Songs From A Broken Mind),2013-10-15,12
19,Gary Numan,Dead Moon Falling,2013-04-08,10
0,Frankie Smith,Double Dutch Bus,1981-01-01,13
1,Frankie Smith,Double Dutch Buss,1985,1
3,Frankie Smith,"Double Dutch Bus (7"" Edit)",1980,1
4,Various Artists,The Lion Foundation Songwriting Competition 2020,2021-01-30,51
5,Various Artists,The Greatest Hip-Hop Songs Vol. 1,2014-01-01,10
6,Various Artists,A Night To Remember (Mixed By Tony Okungbowa & Jojoflores),2012-05-01,29
8,Various Artists,Disco Nights (The Collection),2009-12-23,78
12,Various Artists,"Classics Funky Music, Vol. 2",2001,12
13,Various Artists,Bootleg Dance Classics,1997-01-01,10
14,Various Artists,"Can'T Stop Dancing, Vol. 6",1995-01-01,11
15,Various Artists,"Star Funk, Vol. 1",1992-01-01,10
16,Various Artists,"Star-Funk, Vol. 1",1992,8
0,Eurythmics,Peace,1999-10-19,11
4,Eurythmics,Peace (2018 Remastered),1999-10-19,11
5,Eurythmics,We Too Are One,1989-09-11,15
10,Eurythmics,We Too Are One (Remastered),1989-09-11,10
11,Eurythmics,Savage,1987-11-09,12
15,Eurythmics,Savage (2018 Remastered),1987-11-09,12
16,Eurythmics,Revenge,1986-06-30,16
19,Eurythmics,Revenge (2018 Remastered),1986-06-30,10
0,Annie Lennox,A Christmas Cornucopia (10Th Anniversary),2020-11-20,13
1,Annie Lennox,Lepidoptera,2019-05-24,4
2,Annie Lennox,Nostalgia,2014-10-21,12
3,Annie Lennox,A Christmas Cornucopia,2010-01-01,12
4,Annie Lennox,Songs Of Mass Destruction,2007-11-03,11
6,Annie Lennox,Bare,2003-06-02,11
7,Annie Lennox,Dance Vault Mixes - Pavement Cracks,2003-04-23,7
8,Eurythmics,Peace,1999-10-19,11
12,Eurythmics,Peace (2018 Remastered),1999-10-19,11
13,Annie Lennox,Medusa,1995,10
14,Annie Lennox,Diva,1992-04-02,11
15,Eurythmics,We Too Are One,1989-09-11,15
19,Eurythmics,We Too Are One (Remastered),1989-09-11,10
0,Dave Stewart,Ebony Mcqueen,2022-05-20,26
1,Dave Stewart,Amitié,2020-07-17,9
2,Dave Stewart,"Nashville Sessions - The Duets, Vol. 1",2017-08-25,11
3,Dave Stewart,Live At Rockpalast (Live Cologne 1990),2016-09-30,14
4,Dave Stewart,Spitballin',2016-06-24,12
5,Dave Stewart,Lucky Numbers (Bonus Track Version),2013-09-30,13
6,Dave Stewart,Lucky Numbers,2013-09-27,12
7,Dave Stewart,The Ringmaster General,2012-09-03,13
8,Dave Stewart,The Blackbird Diaries,2011-09-23,13
9,Dave Stewart,"The Dave Stewart Songbook, Vol. 1",2008-08-05,21
10,Mick Jagger,Alfie - Music From The Motion Picture,2004-01-01,15
12,Eurythmics,Peace,1999-10-19,11
16,Eurythmics,Peace (2018 Remastered),1999-10-19,11
17,Dave Stewart,Greetings From The Gutter,1995-02-17,11
18,Dave Stewart,Honest,1991-01-14,13
19,Dave Stewart,Dave Stewart And The Spiritual Cowboys,1990-01-14,14
0,Nile Rodgers,It’S About Time,2018-09-28,10
1,CHIC,Dimitri From Paris Presents Le Chic Remix,2018-07-27,20
2,CHIC,Chic-Ism,1992-03-03,13
3,CHIC,Believer,1983-11-14,8
4,CHIC,Tongue In Chic,1982-11-01,7
5,CHIC,Take It Off,1981-11-16,10
6,CHIC,Real People,1980-06-30,8
7,CHIC,Risqué,1979-07-30,7
8,CHIC,Risqué (2018 Remaster),1979-07-30,7
9,CHIC,C'Est Chic (2018 Remaster),1978-08-11,8
10,CHIC,Chic (2018 Remaster),1977-01-01,7
11,Nile Rodgers,Till The World Falls (Remixes),2019-05-31,2
12,CHIC,Le Freak (Oliver Heldens Remix),2018-11-14,1
14,Nile Rodgers,Sober,2018-09-07,1
15,Nile Rodgers,Till The World Falls (7” Version),2018-06-21,1
16,CHIC,I'Ll Be There (Feat. Nile Rodgers),2015-03-20,4
18,CHIC,Chic & Aristofreeks Le Freak Remixes,2014-08-05,4
19,The Shapeshifters,Sensitivity,2006-09-26,8
0,Michael Sembello,The Lost Years,2003,13
1,Michael Sembello,Bossa Nova Hotel,1983,10
2,Michael Sembello,Maniac (Squired & Benzi Remix),2021-03-12,1
3,Stephen Oaks,Maniac (Feat. Spyzr) - Single,2017-05-15,2
4,Michael Sembello,Maniac (Feat. Spyzr),2017-05-12,2
6,Stephen Oaks,Maniac,2017-04-19,2
10,Michael Sembello,The Weight Of The World,2017-02-20,1
11,Michael Sembello,Maniac (Re-Recorded),2013,1
12,Various Artists,80'S Easy,2023-04-28,55
14,Various Artists,Lata 80,2023-04-18,46
15,Various Artists,Tubes Pour L'Été - Années 80,2023-04-05,51
16,Various Artists,Para Ti Papá,2023-03-10,45
17,Various Artists,Pop Blockbusters 6,2023-03-06,33
18,Various Artists,Old Music Alert 80S,2023-03-02,58
19,Various Artists,Summer In The 80S,2023-02-07,20
0,Medinna,Callada,2023-01-20,1
1,Medinna,Estático,2022-09-02,1
3,Medinna,Un Hombre Busca A Una Mujer,2022-05-16,1
4,Medinna,Vete,2021-05-06,1
5,Medinna,Realidad,2021-01-01,1
6,Medinna,Otro Invierno Más,2017-12-22,1
7,Medinna,Blanco Y Negro,2017-05-05,5
9,El Arresto Del León,Reversiones,2020-11-20,4
0,Take That,Odyssey,2018-11-23,27
1,Take That,Wonderland,2017-03-24,11
2,Take That,Wonderland (Deluxe),2017-03-24,15
5,Take That,Iii (2015 Edition),2015-11-20,19
7,Take That,Iii,2014-01-01,12
8,Take That,Progress Live,2011-01-01,22
10,Take That,Progressed,2011-01-01,19
11,Take That,Progress,2010-01-01,11
12,Take That,The Greatest Day. Take That Present The Circus Live,2009-01-01,27
13,Take That,The Circus,2008-01-01,13
15,Take That,Beautiful World,2006-01-01,11
17,Take That,Nobody Else (Expanded Edition),1995-05-08,14
18,Take That,Everything Changes (Expanded Edition),1993-10-25,18
19,Take That,Take That And Party (Expanded Edition),1992-08-24,16
0,Michael Jackson,Thriller 40,2022-11-18,34
1,Michael Jackson,Scream,2017-09-27,14
2,Michael Jackson,Xscape,2014-05-14,8
4,Michael Jackson,Xscape - Track By Track Commentary,2014-05-09,8
5,Michael Jackson,Bad 25Th Anniversary,2012-09-18,24
6,Michael Jackson,Michael,2010-12-10,7
7,Michael Jackson,Thriller 25 Super Deluxe Edition,2008-02-08,30
8,Michael Jackson,Invincible,2001-10-29,16
9,Michael Jackson,Blood On The Dance Floor/ History In The Mix,1997-05-11,13
11,Michael Jackson,"History - Past, Present And Future - Book I",1995-06-16,30
13,Michael Jackson,Dangerous,1991-11-13,14
14,Michael Jackson,Bad (Remastered),1987-08-31,11
15,Michael Jackson,Thriller,1982-11-30,9
17,Michael Jackson,Off The Wall,1979-08-10,10
18,Michael Jackson,Forever Michael,1975-01-16,10
19,Michael Jackson,"Forever, Michael",1975-01-16,10
0,Simply Red,Remixed Vol. 1 (1985 – 2000),2021-10-22,22
1,Simply Red,Blue Eyed Soul,2019-11-08,10
3,Simply Red,"Symphonica In Rosso (Live At Ziggo Dome, Amsterdam)",2018-11-23,20
5,Simply Red,Ballads,2016-06-10,13
6,Simply Red,Big Love,2015-06-01,14
9,Simply Red,Farewell: Live In Concert At Sydney Opera House,2011-05-24,16
10,Simply Red,Songs Of Love,2010-11-01,12
11,Simply Red,Stay,2007-05-07,11
14,Simply Red,Stay (Remastered & Expanded) [Audio Version],2007,30
15,Simply Red,Stay: Live At The Royal Albert Hall,2007,21
16,Simply Red,Simplified,2007,12
17,Simply Red,Live ( Bonus Version),2006-12-26,8
19,Simply Red,"Cuba! (Recorded Live At El Gran Teatro, Havana)",2005,19
0,Orchestral Manoeuvres In The Dark,Atmospherics & Greatest Hits (Live At The Royal Albert Hall 2022),2022-10-28,26
1,Orchestral Manoeuvres In The Dark,Architecture & Morality Singles,2021-10-15,18
2,Orchestral Manoeuvres In The Dark,Souvenir,2019-10-04,98
3,Orchestral Manoeuvres In The Dark,The Punishment Of Luxury: B-Sides & Bonus Material,2017-12-15,10
4,Orchestral Manoeuvres In The Dark,The Punishment Of Luxury: B Sides & Bonus Material,2017-12-15,10
6,Orchestral Manoeuvres In The Dark,The Punishment Of Luxury,2017-09-01,12
9,Orchestral Manoeuvres In The Dark,Architecture & Morality - Dazzle Ships (Live At The Royal Albert Hall),2016-05-20,28
10,Orchestral Manoeuvres In The Dark,Dazzle Ships (Live At The Museum Of Liverpool),2015-10-02,19
11,Orchestral Manoeuvres In The Dark,Night Café,2013-05-20,10
12,Orchestral Manoeuvres In The Dark,English Electric,2013-04-18,12
17,Orchestral Manoeuvres In The Dark,Live In Berlin,2011-10-04,20
19,Orchestral Manoeuvres In The Dark,History Of Modern (Pt. 1),2011-03-08,12
0,Erasure,Day-Glo (Based On A True Story),2022-08-12,10
3,Erasure,The Neon Remixed,2021-07-30,18
6,Erasure,The Neon,2020-08-21,10
9,Erasure,World Be Live,2018-07-06,24
12,Erasure,World Beyond (Feat. Echo Collective),2018-03-09,10
13,Erasure,World Beyond,2018-03-09,10
15,Erasure,Just A Little Love,2017-09-29,7
16,Erasure,World Be Gone,2017-07-28,7
0,Journey,Live In Concert At Lollapalooza,2022-12-09,20
1,Journey,Freedom,2022-07-08,15
4,Journey,ライヴ・イン・ジャパン1980 (ライブ),2022-04-21,23
5,Journey,ライヴ・イン・ジャパン1981 (ライブ),2022-04-21,23
6,Journey,Chicago 1976 - Live American Radio Broadcast,2022-04-15,9
7,Journey,Rollin' On (Live 1981),2021-01-31,15
8,Journey,ライヴ・イン・ジャパン1979 (ライブ),2018-12-21,21
9,Journey,ライヴ・アット・武道館1983 (Live),2018-05-25,17
10,Journey,ライヴ・イン・デトロイト1986 (ライブ) [リマスター],2018-05-18,21
11,Journey,Escape+7,2017-01-18,17
12,Journey,Frontiers+8,2017-01-18,18
13,Journey,Eclipse,2011-07-01,12
17,Journey,レヴェレイション,2008-10-08,23
18,Journey,Revelation,2008-06-03,22
0,Real McCoy,One More Time,1997-03-25,12
2,Real McCoy,Another Night,1995-04-10,14
6,Real McCoy,Love & Devotion (The Essential 90S Mixes),2022-05-13,10
7,Real McCoy,People Are Still Having Sex,2020-06-29,2
8,Real McCoy,Platinum & Gold Collection,2003-06-17,12
9,Various Artists,Trance Nation 2023,2023-04-21,30
10,Various Artists,Eurodance 90S Party,2023-03-03,22
11,Various Artists,Now That'S What I Call 90S: Dancefloor,2022-10-14,84
12,King Jamma,Tryin' To Tell Ya,2022-06-03,1
13,Various Artists,Die Mega Discothekenhits,2019-05-10,60
14,Michael Regner,303 Original Motion Picture Soundtrack,2019-01-25,14
15,Various Artists,Super Mix 10,2018-12-06,30
16,Various Artists,"Legal Reggae Eagle, Vol. 1",2018-08-31,31
17,Pauly Bronson,Campaign Trail 2,2018-07-06,19
18,Lokalboy,Think Outside The Box,2018-06-26,20
19,Various Artists,Dance Baby Dance,2018-02-02,20
0,Technotronic,Recall,1995,12
1,Technotronic,Body To Body,1991,11
2,Technotronic,Pump Up The Jam,1989-11-28,12
3,Technotronic,Pump Up The Jam (Hugo Cantarra Remix),2021-05-21,2
4,Technotronic,Pump Up The Jam (Nightfunk Remixes),2020-06-29,2
5,Technotronic,Pump Up The Jam (Nightfunk Remix),2020-06-12,1
6,Technotronic,Pump Up The Jam (Nightfunk Radio Edit),2020-05-29,1
7,Technotronic,Like This (The Sequel),2012-01-01,1
9,Technotronic,Pump Up The Jam (Radio Is Jumping Mix),2011-06-29,1
10,Technotronic,Pump Up The Jam 2010,2011-01-17,2
11,Technotronic,Pump Up The Jam 2010 (Crowd Is Jumpin' Mix),2010-01-01,2
12,D.O.N.S.,Pump Up The Jam (Feat. Technotronic),2005-01-07,5
13,Technotronic,The Greatest Hits,2017-03-08,17
14,Technotronic,Best Of,2011-01-01,19
15,MK Studios,Footwork,2023-04-25,30
16,Various Artists,Retro Mania 4,2023-04-15,37
17,Various Artists,Electrónica Al Máximo,2023-03-24,25
18,Various Artists,Non-Stop Pop Vol 2,2023-03-02,22
19,Various Artists,Carnavalhits 2023,2023-02-20,43
0,Cyndi Lauper,True Colors (35Th Anniversary Edition),2021-10-15,12
1,Cyndi Lauper,In Paris,2017-08-23,17
2,Cyndi Lauper,Spotify Sessions,2016-06-24,12
3,Cyndi Lauper,Detour,2016-05-06,12
4,Cyndi Lauper,She'S So Unusual - Spotify Commentary,2014-04-01,8
5,Cyndi Lauper,She'S So Unusual: A 30Th Anniversary Celebration (Deluxe Edition),2014-03-28,22
6,Cyndi Lauper,To Memphis With Love,2011-10-25,14
7,Cyndi Lauper,"To Memphis, With Love (Live)",2011-10-25,14
8,Cyndi Lauper,Memphis Blues (Deluxe Version),2010-06-21,13
9,Cyndi Lauper,Memphis Blues,2010-06-21,11
14,Cyndi Lauper,Bring Ya To The Brink,2008-05-23,12
16,Cyndi Lauper,The Body Acoustic,2005-11-18,12
17,Cyndi Lauper,At Last,2003-11-18,13
18,Cyndi Lauper,Merry Christmas...Have A Nice Life,1998-10-27,11
19,Cyndi Lauper,Sisters Of Avalon,1996-07-01,12
0,Irene Cara,Irene Cara Presents Hot Caramel,2011-04-04,24
1,Irene Cara,All My Heart,1996-02-07,5
2,Irene Cara,What A Feelin',1983-11-02,15
3,Irene Cara,Anyone Can See,1982,10
4,Irene Cara,Flashdance...What A Feeling (Re-Recorded - Sped Up),2023-02-24,1
5,Irene Cara,Flashdance.... What A Feeling (Billboard Hot 100 - No 01),2018-12-20,1
6,E-Motion,"Flashdance, What A Feeling (Feat. Spyzr)",2017-05-05,2
8,E-Motion,"Flashdance, What A Feeling",2017-04-24,2
11,Irene Cara,Flashdance... What A Feeling,2015-03-10,1
12,Irene Cara,Flashdance....What A Feeling (Rerecorded),2013-10-14,1
13,Irene Cara,Flashdance…What A Feeling (Adam Van House Mix),2008-01-01,1
14,Irene Cara,What A Feeling,2007-01-01,1
16,Irene Cara,You Need Me,1996-04-11,5
17,Irene Cara,Flashdance (What A Feeling) (Remastered 2022) (Rerecording),1983-02-09,1
18,Various Artists,Timeless Love Tunes,2023-04-08,20
19,Various Artists,Celebrate International Women 2023,2023-02-16,24
0,Boy George,Life,2019-05-01,12
3,Culture Club,Live At Wembley - World Tour 2016,2017-12-08,15
4,Culture Club,20 Year Anniversary Live At The Royal Albert Hall,2003-01-01,17
5,Culture Club,20 Year Anniversary (Live At The Royal Albert Hall 2002),2003,17
6,Culture Club,Don'T Mind If I Do,1999-12-14,15
7,Culture Club,From Luxury To Heartache,1986-04-01,13
8,Culture Club,Waking Up With The House On Fire,1984-11-01,14
10,Culture Club,Colour By Numbers,1983-10-01,15
12,Culture Club,Kissing To Be Clever,1982-09-01,9
13,Culture Club,Bbc In Concert,1982,10
14,Smudge All Stars,Brutal Funk - Xtended Mix,2023-04-21,1
15,Smudge All Stars,B Side Ft. Fred Wesley - Xtended Mix,2023-03-24,1
16,Dark Globe,Atoms (Dark Globe Radio Edit),2023-02-17,1
17,Culture Club,Time (2022) [Kinky Roland Remix],2022-08-12,1
18,Smudge All Stars,Brutal Funk - Dark Globe West 16Th & 7Th Avenue Mix,2022-07-22,1
19,Smudge All Stars,Freaky Toe - Spacemonkeyz Mix Ft. Audio Satellite (Remix),2022-06-24,1
0,The Cars,Ricochet (Live 1987),2022-06-20,18
1,The Cars,Illusion Is Real (Live 1978),2021-08-11,12
2,The Cars,Edge Of Night (Live 1987),2020-11-13,18
3,The Cars,Candy-O (Expanded Edition),2017-07-28,18
4,The Cars,Panorama (Expanded Edition),2017-07-28,14
5,The Cars,"Live At The Agora, 1978",2017-04-22,13
6,The Cars,Move Like This (Japan Version),2011-01-01,11
7,The Cars,Move Like This,2011-01-01,11
9,The Cars,The Cars (Deluxe Edition),1999-05-04,23
10,The Cars,Door To Door,1987,11
11,The Cars,Heartbeat City,1984-03-13,10
12,The Cars,Heartbeat City (Expanded Edition),1984,17
13,The Cars,Shake It Up,1981-11-06,9
14,The Cars,Shake It Up (Expanded Edition),1981,17
15,The Cars,Panorama,1980-01-01,10
16,The Cars,Candy-O,1979,11
17,The Cars,The Cars,1978-06-06,9
18,The Cars,Drive (Symphonic Version),2018-11-09,1
19,The Cars,"The Cars At Live Aid (Live At John F. Kennedy Stadium, 13Th July 1985)",2018,2
0,Black Box,Dreamlanders,2021-05-07,9
1,Black Box,Superbest,2018-04-20,17
2,Black Box,Positive Vibration,1997-03-03,15
4,Black Box,A Positive Vibration,1995-11-27,4
5,Black Box,Dreamland,1990-04-09,9
6,Cuban Deejays,Ride On Time,2022-12-02,2
7,Black Box,Strike It Up (Dj Lelewel & Kinky Roland Remixes),2022-07-01,3
8,Black Box,Strike It Up (Lawrence Hart Remix),2022-06-10,1
9,Black Box,"New York City Girl (Steve ""Silk"" Hurley Remix)",2022-01-28,2
10,Black Box,New York City Girl (Radio Mixes),2022-01-07,2
11,Black Box,New York City Girl,2021-12-10,3
12,Black Box,I Don'T Know Anybody Else (Western Disco Rework),2021-07-09,3
13,Bad Intentions,Work That Ep,2021-07-09,2
14,Black Box,I Don'T Know Anybody Else (Motown Disco Radio),2021-06-25,1
15,Black Box,Fantasy (Ta 808 Rendition),2021-03-19,1
16,Black Box,Hold On (303 Vs 606 Mix),2021-01-22,1
17,Black Box,Open Your Eyes (Cr-78 Remix),2020-10-16,1
18,Black Box,Ride On Time (30Th Special Release),2019-09-13,3
19,Black Box,Everyone Will Follow,2018-05-18,4
0,DeBarge,Every Time I Think Of You,2019-05-29,9
1,DeBarge,Bad Boys,2015-04-28,9
2,DeBarge,Time Will Reveal: The Complete Motown Albums,2011-09-20,43
4,DeBarge,Rhythm Of The Night,1985,9
5,DeBarge,In A Special Way,1983-09-24,9
6,DeBarge,All This Love,1982-04-28,8
7,DeBarge,The Debarges,1981-01-01,8
8,1895,I Like It (1895 Jazz Remix),2022-12-07,1
10,DeBarge,The Best Collection,2015-04-10,9
11,DeBarge,Winning Combinations,2002-01-01,10
12,DeBarge,20Th Century Masters - The Millennium Collection: The Best Of Debarge,2000-11-21,11
13,DeBarge,The Ultimate Collection,1997-03-17,16
14,Various Artists,Retro Mania 9,2023-04-15,36
15,Various Artists,Pride: Retro Anthems,2023-04-07,32
16,Various Artists,Tubes Pour L'Été - Années 80,2023-04-05,51
17,Various Artists,80S Party Hits,2023-03-23,81
18,Various Artists,80Er Best Of,2023-03-21,96
19,Various Artists,Funk & Disco 80S Hits,2023-03-21,45
0,The Bangles,Back To The Start (Live 1984),2022-02-16,18
1,The Bangles,Days Of My Life (Live 1984),2021-11-12,18
2,The Bangles,Steel City Sirens (Live 1986),2019-10-09,15
3,The Bangles,Sweetheart Of The Sun,2011-09-27,12
4,The Bangles,Doll Revolution,2003-09-23,15
6,The Bangles,Everything,1988-10-25,13
11,The Bangles,Different Light,1986-03-18,12
12,The Bangles,All Our Days (Live),1986,18
13,The Bangles,Different Light (Expanded Edition),1986,20
14,The Bangles,"The Best - At The Syria Mosque Arena, Pittsburgh, Pa 13 Dec '86 (Live)",1986,16
17,The Bangles,Different Light (Alben Für Die Ewigkeit),1985-09-13,12
0,Matthew Wilder,トゥルーノース (オリジナル・サウンドトラック),2021-05-23,18
1,Matthew Wilder,Especially On Birthdays,2021-03-03,11
2,Matthew Wilder,Bouncin' Off The Walls,1984-03-19,9
3,Matthew Wilder,I Don'T Speak The Language,1983-03-19,9
4,David Zippel,"Reflection (From ""Mulan"") [Arr. For Piano By John Lenehan]",2022-10-10,1
5,Matthew Wilder,I'Ll Make A Man Out Of You 2020,2020-09-17,2
6,Matthew Wilder,Freaks Of Nature,2016-08-10,1
7,Matthew Wilder,Lightning Rod,2016-07-06,1
8,Summer Hits,Summer Rewind / 70S 80S 90S Hits,2023-04-14,60
9,Grand Prix Polskiej Chóralistyki,Chór Żeński Zespołu Szkół Muzycznych Im. Ignacego Paderewskiego W Białymstoku „Schola Cantorum Bialostociencis” – Przesłuchania Konkursowe 2019,2023-03-28,6
10,Various Artists,The Solo Piano Collection,2023-03-02,193
11,Various Artists,Tiktok Throwbacks,2022-12-09,55
12,Various Artists,Now That'S What I Call A Massive 80S Party,2022-11-11,86
13,Various Artists,80 Hits,2022-08-12,78
14,Various Artists,80Er Hits,2022-08-12,78
15,Various Artists,Now - Yearbook 1984,2021-10-29,78
16,Van-Anh Nguyen,The Princess And The Piano,2021-10-08,12
17,Various Artists,Top 40 - Happy Songs (Zomerhits 2021),2021-07-02,40
18,Disney,Disney Summer Songs,2021-05-28,40
19,Various Artists,"Now That'S What I Call 12"" 80S",2021-04-16,47
0,Corona,My Generation (Remixed),2013-07-23,11
1,Corona,My Y Generation (Remixed),2012-05-28,10
2,Corona,My Y Generation Remixed,2012-05-25,11
3,Corona,Y Generation,2011-12-02,12
5,Simon From Deep Divas,The Rhythm Of The Night,2010-10-04,6
9,Corona,The Power Of Love (Remixes),2023-02-16,6
12,Corona,The Power Of Love (Remix),2022-01-21,2
13,Corona,"Baby, I Don'T Care (2K20 Remixes)",2020-08-21,8
14,Sean Finn,The Rhythm Of The Night (Dj Pp Remix),2019-05-31,2
15,Sean Finn,The Rhythm Of The Night (Remixes),2019-03-29,5
19,Corona,Stay With Me,2014-02-17,1
0,Haddaway,Haddaway - Hit Mixes,2015-03-25,40
1,Haddaway,What Is Love - The Mixes,2015-01-27,22
2,Haddaway,All The Best (His Greatest Hits),2015-01-23,17
3,Haddaway,"Hitcollection, Vol. 2 (The Very Best)",2015-01-23,16
4,Haddaway,The Album (2Nd Edition),2015-01-16,14
5,Haddaway,Let'S Do It Now,2015-01-16,12
6,Haddaway,Pop Splits,2015-01-16,12
7,Haddaway,The Album,2015-01-16,12
8,Haddaway,The Drive,2015-01-15,12
9,Haddaway,The Hit Mixes,2013-11-29,36
10,Haddaway,Gotta Be,2011-11-04,21
12,Haddaway,All The Best,2011-06-01,17
13,Klaas,What Is Love 2K9,2009,10
14,Haddaway,The Album 2Nd Edition,2007-07-02,14
16,Haddaway,"Hit Collection, Vol. 1 (New Edition)",2004-02-07,16
17,Haddaway,"Hit Collection, Vol. 2: The Very Best",2004-02-07,16
18,Haddaway,Hit Collection Vol.1,2004,16
19,Haddaway,Hit Collection Vol.2 (The Very Best),2004,16
0,Javier Martinez Maya,Best Parties Of The 80'S Vol. 19,2008-01-31,11
1,Javier Martinez Maya,Best Parties Of The 80'S Vol. 20,2008-01-31,11
2,Javier Martinez Maya,Best Parties Of The 80'S Vol. 21,2008-01-31,11
3,Javier Martinez Maya,The Best Parties Of The 80'S Volume 15,2008-01-15,11
4,Javier Martinez Maya,The Best Parties Of The 80'S Volume 16,2008-01-15,11
5,Javier Martinez Maya,The Best Parties Of The 80'S Volume 17,2008-01-15,11
6,Javier Martinez Maya,The Best Parties Of The 80'S Volume 18,2008-01-15,11
7,Javier Martinez Maya,The Best Parties Of The 80S Vol. 5,2008-01-15,8
8,Javier Martinez Maya,"The Best Parties Of The 80S, Vol. 1",2008-01-15,11
9,Javier Martinez Maya,"The Best Parties Of The 80S, Vol. 2",2008-01-15,11
10,Javier Martinez Maya,"The Best Parties Of The 80S, Vol. 3",2008-01-15,11
11,Javier Martinez Maya,"The Best Parties Of The 80S, Vol. 4",2008-01-15,14
12,Javier Martinez Maya,The Best Parties Of The 80'S Vol. 12,2007-12-04,11
13,Javier Martinez Maya,The Best Parties Of The 80'S Vol. 13,2007-12-04,11
14,Javier Martinez Maya,The Best Parties Of The 80'S Vol. 14,2007-12-04,11
15,Javier Martinez Maya,The Best Parties Of The 80'S Vol. 9,2007-12-04,11
16,Javier Martinez Maya,"The Best Parties Of The 80'S, Vol. 10",2007-12-04,11
17,Javier Martinez Maya,"The Best Parties Of The 80'S, Vol. 11",2007-12-04,11
18,Javier Martinez Maya,"The Best Parties Of The 80'S, Vol. 7",2007-12-04,11
19,Javier Martinez Maya,"The Best Parties Of The 80'S, Vol. 8",2007-12-04,11
0,Kim Carnes,Essential,2011-01-01,16
1,Kim Carnes,Chasin' Wild Trains,2004-01-01,12
2,Kim Carnes,View From The House,1988-07-25,10
3,Kim Carnes,Light House,1986-05-06,10
4,Kim Carnes,Barking At Airplanes (Expanded Edition),1985-05-05,13
5,Kim Carnes,Café Racers,1983-10-01,10
6,Kim Carnes,Voyeur,1982-09-08,10
7,Kim Carnes,Mistaken Identity,1981-01-01,10
8,Kim Carnes,Romance Dance,1980-06-01,9
9,Kim Carnes,St. Vincent'S Court,1979-01-02,11
10,Kim Carnes,Sailin',1976-01-01,10
11,Kim Carnes,Kim Carnes,1975-11-01,11
12,Kim Carnes,Kim Carnes At Her Best,1971-04-22,10
13,Kim Carnes,If I Was An Angel,2023-03-17,2
14,Kim Carnes,Lucid Dreams,2022-11-25,2
15,Kim Carnes,Just To See You Smile,2022-09-02,2
16,Kim Carnes,Bette Davis Eyes (Edm Remix),2016-03-09,1
17,Kim Carnes,Under My Thumb,2015-11-20,2
18,Kim Carnes,Bette Davis Eyes,2007-01-01,1
19,Kim Carnes,Gypsy Honeymoon: The Best Of Kim Carnes,1993-01-01,15
0,Men At Work,Live In Christchurch 1982,2020-08-01,14
1,Men At Work,Clocking Off (Live 1982),2020-01-31,11
2,Men At Work,Hard Labour (Live 1982),2019-02-01,17
3,I Am Sam,Down Under 2011,2011-06-04,6
4,Men At Work,Definitive Collection,2000,19
5,Men At Work,Simply The Best,1998-09-07,13
6,Men At Work,Down Under,1998-05-07,13
7,Men At Work,The Works,1987-02-23,14
8,Men At Work,Two Hearts,1985-04-23,10
9,Men At Work,Cargo,1983-12-07,15
13,Men At Work,Business As Usual,1981-11-09,10
15,I Am Sam,Down Under 2011 (Expanded Release),2017-09-15,9
17,Men At Work,Who Can It Be Now (Blowfelt'S Remix) [2021 Remastered Version],2014-05-30,1
19,Men At Work,The Best Of Men At Work,2005-01-31,15
0,The Human League,Credo,2011-03-21,11
1,The Human League,Secrets (Deluxe Edition),2001-08-06,31
2,The Human League,Secrets,2001,16
3,The Human League,Octopus (Special Edition),1995-01-23,21
4,The Human League,Octopus,1995,9
5,The Human League,Romantic?,1990-09-17,10
6,The Human League,Crash,1986-01-01,10
8,The Human League,Hysteria,1984-01-01,10
10,The Human League,Fascination!,1983,7
11,The Human League,Dare!,1981,10
12,The Human League,Travelogue,1980,17
13,The Human League,Reproduction,1979,17
14,The Human League,Don'T You Want Me (Purple Disco Machine Remix),2021-11-19,2
15,The Human League,Sky,2011-07-25,5
16,The Human League,Never Let Me Go,2011-03-21,5
17,The Human League,Egomaniac,2011-03-04,3
18,The Human League,Night People,2010-12-05,3
0,Starship,Love Among The Cannibals,1989-08-15,11
1,Starship,No Protection,1987-07-27,11
2,Starship,Knee Deep In The Hoopla,1985-09-10,9
3,Starship,Nothing’S Gonna Stop Us Now (Live),2020-08-03,1
4,Starship,My Woman,2016-10-14,1
5,Starship,It'S Not Enough (Billboard Hot 100 - No 12),2016,1
6,Starship,It'S Not Over ('Til It'S Over) [Billboard Hot 100 - No 9],2016,1
7,Starship,Wild Again (Billboard Hot 100 - No 73),2016,1
8,Starship,We Dream In Color - Single,2014-06-03,1
9,Starship,Sara (Billboard Hot 100 - No 1),2010,1
10,Starship,We Built This City (Uk Chart Top 40 - No. 12),2010,1
11,Starship,Nothing'S Gonna Stop Us Now (Uk Chart Top 40 - No. 1),2010,1
12,Starship,We Built This City,2008-02-08,6
13,Starship,Greatest Hits Relaunched,2021-10-29,16
14,Starship,The Complete Albums 1985-1989,2020-04-03,29
15,Jefferson Starship,Starship Enterprise: The Best Of Jefferson Starship And Starship,2019-02-01,20
16,Starship,Greatest Hits (Ten Years And Change 1979-1991),1991-05-14,12
17,Various Artists,Lentos Del Rock Clásicos,2023-04-28,30
18,Various Artists,80S Finest Rock,2023-04-28,26
19,Various Artists,Student 2023,2023-04-28,35
0,Robsan,Thursday,2023-03-31,1
1,Krispel,I Love You,2023-03-10,1
2,Robsan,Oh Well,2023-02-24,1
3,Robsan,Lol,2023-02-17,1
4,Robsan,Matter Of Fact,2023-02-03,1
5,Robsan,Gran Turismo,2022-12-02,1
6,TrippyThaKid,Dem Boyz,2022-11-18,1
7,Robsan,Restrain,2022-10-21,1
8,Tray Bndo,Last Time,2022-09-02,1
9,Krispel,Mad Or Nah,2022-08-26,1
10,Robsan,Simulation,2022-08-19,1
11,Robsan,Flex Mode,2022-08-05,1
12,Lil Man J,Soul On Fire,2022-07-29,1
13,Eric Matthys,Champions,2022-07-26,1
14,Nyke Nick,My Dance,2022-07-15,1
15,Robsan,Vibe,2022-07-15,1
16,Robsan,Beetlejuice,2022-06-10,1
17,Robsan,My Way,2022-06-03,1
18,Nyke Nick,Nine To Five,2022-05-27,1
19,Robsan,Call On You,2022-05-06,1
0,Krispel,I'M Blessed,2022-06-03,18
1,Krispel,The Collection (Favorite Singles Of 2020-2021),2021-04-02,18
2,Krispel,No Coincidence,2023-04-28,1
3,Krispel,Be Bout It,2023-04-14,1
4,Krispel,On Time,2023-03-31,1
5,Krispel,One Two,2023-03-17,1
6,Krispel,I Love You,2023-03-10,1
7,Krispel,Check Flow,2023-03-03,1
8,Krispel,That'S My Baby,2023-02-17,1
9,Robsan,Matter Of Fact,2023-02-03,1
10,Krispel,Lets Get It Goin,2023-01-27,1
11,Krispel,Real Good,2023-01-13,1
12,Krispel,Lipstick,2022-12-30,1
13,Krispel,Nothing More,2022-12-23,1
14,Robsan,Gran Turismo,2022-12-02,1
15,Krispel,Therapeutic,2022-11-25,1
16,Krispel,Authentic,2022-11-11,1
17,Krispel,Just Talkin,2022-10-28,1
18,Robsan,Restrain,2022-10-21,1
19,Krispel,Suit & Tie,2022-10-14,1
0,Phil Collins,Other Sides,2019-05-31,18
1,Phil Collins,Remixed Sides,2019-05-31,18
2,Phil Collins,The Essential Going Back (2016 Remaster),2016-06-10,14
3,Phil Collins,The Essential Going Back (Deluxe Edition),2016-06-10,30
4,Phil Collins,At Fukuoka Dome,2013-12-10,12
5,Phil Collins,Going Back (Deluxe),2010-09-10,26
6,Phil Collins,Going Back (2010),2010-09-03,26
8,Phil Collins,Brother Bear,2003-01-01,12
9,Phil Collins,Testify (2016 Remaster),2002-11-12,12
10,Phil Collins,Testify (Deluxe Edition),2002-11-11,22
11,Phil Collins,A Hot Night In Paris (Live; 2019 Remaster),1999-05-18,10
12,Phil Collins,Dance Into The Light (2016 Remaster),1996-10-21,13
13,Phil Collins,Dance Into The Light (Deluxe Edition),1996-10-21,23
14,Phil Collins,Both Sides (2015 Remaster),1993-10-19,11
15,Phil Collins,Both Sides (Deluxe Edition),1993-10-19,21
16,Phil Collins,Serious Hits...Live! (2019 Remaster),1990-07-15,15
17,Phil Collins,...But Seriously (Deluxe Edition),1989-11-20,25
18,Phil Collins,...But Seriously (2016 Remaster),1989-11-20,12
19,Phil Collins,No Jacket Required (Deluxe Edition),1985-02-18,24
0,Village People,Magical Christmas,2019-11-04,8
1,Village People,"Let'S Go Back To The Dance Floor, Pt. 2 Remixes",2013-09-03,23
2,Village People,Let'S Go Back To The Dance Floor,2013-08-06,11
3,Village People,In The Street (2002 Remastered Version),2002-08-19,9
4,Village People,Sex Over The Phone,1985,8
5,Village People,Renaissance,1981,8
6,Village People,Can'T Stop The Music (Original Soundtrack 1980),1980,10
7,Village People,Village People Live And Sleazy,1980,11
8,Village People,Go West,1979-01-01,6
9,Village People,Go West In The Navy,1979,6
10,Village People,Ymca,1978-01-01,6
11,Village People,Cruisin',1978,6
12,Village People,San Francisco Macho Man,1978,9
13,Village People,Magic Christmas,2022-11-04,1
14,Village People,A Very Merry Christmas To You,2018-10-31,1
16,Village People,Macho Man,1978-02-12,6
17,Village People,Village People,1977-01-01,4
18,Village People,Best Of,2014-04-08,11
19,Village People,20Th Century Masters: The Millennium Collection: Best Of The Village People,2001-01-01,11
0,Roxette,Tourism 30Th Anniversary Edition,2023-02-17,34
1,PG Roxette,Pop-Up Dynamo!,2022-10-19,47
2,Roxette,Rox Rmx Vol. 1 (Remixes From The Roxette Vaults),2022-06-24,14
3,Roxette,Rox Rmx Vol. 2 (Remixes From The Roxette Vaults),2022-06-22,15
4,Roxette,Rox Rmx Vol. 3 (Remixes From The Roxette Vaults),2022-06-20,15
5,Roxette,Look Sharp! 30Th Anniversary Edition,2022-01-12,52
6,Roxette,Joyride 30Th Anniversary Edition,2021-11-26,52
7,Roxette,Bag Of Trix Vol. 4 (Music From The Roxette Vaults),2020-12-11,24
8,Roxette,Bag Of Trix Vol. 3 (Music From The Roxette Vaults),2020-11-27,22
9,Roxette,Bag Of Trix Vol. 2 (Music From The Roxette Vaults),2020-11-13,24
10,Roxette,Bag Of Trix Vol. 1 (Music From The Roxette Vaults),2020-10-30,25
11,Roxette,Good Karma,2016-06-03,11
12,Roxette,"Travelling The World Live At Caupolican, Santiago, Chile May 5, 2012",2013-12-06,18
13,Roxette,Travelling,2012-03-23,15
17,Roxette,Charm School (Deluxe Edition),2011-02-11,24
18,Roxette,Charm School (Extended Version),2011-02-11,27
19,Roxette,Charm School Revisited,2011-02-11,27
0,Tray Bndo,The Unlucky Kid,2022-12-24,13
1,Tray Bndo,Forever Chosen,2020-12-25,13
2,Tray Bndo,Maria'S Son,2020-03-16,14
3,TrippyThaKid,Dem Boyz,2022-11-18,1
4,Krispel,Authentic,2022-11-11,1
5,Tray Bndo,Last Time,2022-09-02,1
6,Tray Bndo,Aint Us.,2022-04-18,1
7,Tray Bndo,Right Now,2022-03-14,1
8,Tray Bndo,B.Lovee Freestyle,2021-12-16,1
9,Tray Bndo,Night Life,2021-11-25,1
10,Tray Bndo,On My Life,2021-05-23,1
11,Tray Bndo,Good Liquor,2021-04-30,1
12,Tray Bndo,Hear Your Heart,2020-06-30,1
13,Tray Bndo,Wussup With You?,2020-04-12,1
14,Tray Bndo,Wins & Losses,2020-02-11,1
15,Tray Bndo,Never Cared,2020-02-09,1
16,Tray Bndo,In The Dark,2020-01-18,1
17,Tray Bndo,Still Can'T Stop,2020-01-18,1
18,Shieka Da Diva,Island Vibes,2019-10-29,1
19,Tray Bndo,Commin Up,2019-10-04,1
0,Billy Joel,Live At The Great American Music Hall,2023-04-21,18
1,Billy Joel,Live At Yankee Stadium,2022-11-04,22
2,Billy Joel,50 Years Of The Piano Man,2022-04-08,50
3,Billy Joel,A Matter Of Trust - The Bridge To Russia: The Music (Live),2014-05-19,27
4,Billy Joel,Live At Shea Stadium,2011-03-08,25
5,Billy Joel,12 Gardens Live,2006-06-13,33
6,Billy Joel,Fantasies & Delusions (Opus 1-10 Music For Solo Piano),2001-10-02,12
7,Billy Joel,2000 Years - The Millennium Concert,2000-05-02,25
8,Billy Joel,River Of Dreams,1993-08-10,10
9,Billy Joel,Storm Front,1989-10-17,10
10,Billy Joel,Kohuept (Live),1987-10-26,16
11,Billy Joel,The Bridge,1986-07-28,9
12,Billy Joel,An Innocent Man,1983-08-08,10
13,Billy Joel,The Nylon Curtain,1982-06-23,9
14,Billy Joel,Songs In The Attic,1981-09-14,11
15,Billy Joel,Glass Houses,1980-03-12,10
16,Billy Joel,52Nd Street,1978-10-13,9
17,Billy Joel,52Nd Street (Alben Für Die Ewigkeit),1978-10-13,9
18,Billy Joel,The Stranger,1977-09-29,9
19,Billy Joel,The Stranger (Legacy Edition),1977,21
0,2 Unlimited,Real Things,1994-06-06,14
1,2 Unlimited,No Limits,1993-05-10,14
2,2 Unlimited,Get Ready,1992-02-24,15
3,2 Unlimited,Get Ready!,1992-02-24,15
4,2 Unlimited,No Limit (Remixes Pt. 3),2023-04-14,4
5,2 Unlimited,No Limit (Remixes Pt. 2),2023-03-24,5
6,2 Unlimited,No Limit (Push'S Trancendental Remix),2023-03-10,1
7,2 Unlimited,No Limit (Moon Project Remix Edit),2023-02-24,1
8,2 Unlimited,No Limit (Remixes Pt. 1),2023-02-03,5
9,2 Unlimited,No Limit (X-Out '95 Remix),2023-01-20,1
10,2 Unlimited,No Limit (Starfighter Remix Edit),2023-01-13,1
11,2 Unlimited,The Magic Friend (Remixes),2022-09-02,5
12,2 Unlimited,No Limit (Remixes),2014-06-18,6
14,2 Unlimited,Get Ready Steve Aoki Part 1,2013-11-07,4
15,2 Unlimited,Get Ready Steve Aoki Part 2,2013-11-07,2
16,2 Unlimited,Get Ready (Steve Aoki Radio Mixes),2013-11-04,2
17,2 Unlimited,Get Ready (Including Steve Aoki Remixes),2013-10-28,4
18,2 Unlimited,Get Ready (2013 Remastered),2013-09-25,2
19,2 Unlimited,Get Ready (2013 Versions),2013-09-18,2
0,Lonnie Gordon,If I Have To Stand Alone (Special Edition),2009-11-02,17
2,Lonnie Gordon,Bad Mood,1993-01-01,12
3,Lonnie Gordon,Happenin' All Over Again (Remix),1990-01-15,10
4,Lonnie Gordon,How Could He Do This To Me?,1990-01-01,8
7,Lonnie Gordon,Beyond Your Wildest Dreams,1990,10
9,Lonnie Gordon,Beyond Your Wildest Dreams (Remix),1990,10
11,Lonnie Gordon,Happenin' All Over Again,1990,10
12,Lonnie Gordon,If I Have To Stand Alone,1990,11
15,Lonnie Gordon,If I Have To Stand Alone (The Unreleased Mixes),1990,9
16,Lonnie Gordon,When I Think About Sex (I Think Of You),2014-06-09,1
18,Lonnie Gordon,Themistry: Rain,2014-06-02,3
19,Lonnie Gordon,Do You Want It,2014-04-22,6
0,Tears For Fears,The Tipping Point,2022-02-25,10
1,Tears For Fears,The Seeds Of Love (Super Deluxe),2020-10-09,50
2,Tears For Fears,Everybody Loves A Happy Ending,2004-09-14,12
4,Tears For Fears,Raoul And The Kings Of Spain,1995-10-16,12
5,Tears For Fears,Raoul And The Kings Of Spain (Expanded Edition),1995-06-01,20
6,Tears For Fears,Elemental,1993-06-07,10
7,Tears For Fears,The Seeds Of Love,1989-09-25,12
9,Tears For Fears,Songs From The Big Chair,1985-02-25,8
10,Tears For Fears,Songs From The Big Chair (Deluxe),1985-02-25,33
11,Tears For Fears,Songs From The Big Chair (Super Deluxe Edition),1985-02-25,59
12,Tears For Fears,Songs From The Big Chair (Super Deluxe),1985-02-25,59
13,Tears For Fears,The Hurting,1983-03-07,14
14,Tears For Fears,The Hurting (Deluxe Edition),1983-03-07,26
15,Tears For Fears,The Hurting (Super Deluxe Edition),1983-03-07,36
16,Tears For Fears,The World Is Yours To Take (Latin Remix / Budweiser Anthem Of The Fifa World Cup 2022),2022-11-01,1
17,Tears For Fears,The World Is Yours To Take (Budweiser Anthem Of The Fifa World Cup 2022),2022-08-31,1
18,Tears For Fears,Everybody Wants To Rule The World (Sped Up Version),2022-08-12,2
19,Tears For Fears,Break The Man,2022-01-13,3
0,Crystal Waters,Say Yeah (Feat. Fred Pellichero),2010-11-08,6
1,Crystal Waters,Crystal Waters,1997-01-01,13
2,Crystal Waters,Storyteller,1994-01-01,12
3,Crystal Waters,Surprise,1991-01-01,9
4,Flashmob,I Gave You The World (Milk & Sugar Remix),2023-03-17,1
6,Crystal Waters,2B Luv Part 2,2022-11-18,4
7,Crystal Waters,2B Luv (Radio Cut),2022-09-16,1
8,Lotus,Gypsy Woman (She'S Homeless) (Feat. Jude & Frank),2022-09-07,1
9,Lotus,Gypsy Woman (She'S Homeless) [Jude & Frank Edit],2022-08-26,2
11,Crystal Waters,Love One Another,2022-06-24,2
12,Crystal Waters,100% Pure Love,2022-05-06,1
13,Richie Blacker,Never Enough,2022-02-04,2
15,Flashmob,I Gave You The World (Extended Mix),2021-11-19,1
16,Flashmob,I Gave You The World,2021-11-05,1
18,Steve Kroeger,Gypsy Woman,2021-08-13,1
0,Westlife,Wild Dreams (Deluxe Edition),2021-11-26,15
1,Westlife,Spectrum,2019-11-15,11
2,Westlife,Gravity,2010-11-22,13
3,Westlife,Where We Are,2009-11-30,14
4,Westlife,Back Home,2007-11-05,13
5,Westlife,The Love Album,2006-11-20,17
6,Westlife,Face To Face,2005-10-31,12
7,Westlife,Allow Us To Be Frank,2004-11-08,14
8,Westlife,Turnaround,2003-11-24,13
9,Westlife,World Of Our Own (Expanded Edition),2001-11-12,20
10,Westlife,Coast To Coast (Expanded Edition),2000,19
11,Westlife,Westlife,1999-11-01,18
12,Westlife,Starlight (Kat Krazy Remix),2021-12-10,2
13,Westlife,My Hero,2021-11-04,2
14,Westlife,Starlight,2021-10-14,1
15,Westlife,Without You,2019-11-14,1
16,Westlife,My Blood,2019-10-25,1
17,The Cranberries,Little Drummer Boy (Christmas At The Vatican) [Live],2019-10-24,1
18,Westlife,O Holy Night (Christmas At The Vatican) [Live],2019-10-24,1
19,Westlife,Dynamite (Cahill Remix),2019-08-28,3
0,Mund0,Keeping You Safe,2023-02-12,1
1,Mund0,You Are My Drug,2022-12-11,1
2,Mund0,Heart Of Glass,2022-11-29,1
3,Mund0,Who I Am,2022-11-26,1
4,Mund0,I Feel It Too,2022-10-09,1
5,Mund0,Head East,2022-10-08,1
6,Mund0,Toss A Coin To Your Witcher,2022-09-18,1
7,Mund0,I Was,2022-09-02,1
8,Mund0,De Ja Vu,2022-08-07,1
9,Mund0,Come Find Me,2022-07-24,1
10,Robsan,Vibe,2022-07-15,1
11,Mund0,Lose Control,2022-07-02,1
12,Mund0,Run Right Back,2022-07-02,1
13,Mund0,Watch Me Walk Away,2022-07-02,1
14,Mund0,I Hope You'Re Free,2022-05-31,1
15,Mund0,I Still Be Dancing,2022-05-21,1
16,Mund0,3 Brothers,2022-05-14,1
17,Mund0,A1Mund,2022-05-14,1
18,Mund0,Asevenex,2022-05-14,1
19,Mund0,Go All Night,2022-05-14,1
0,Nena,Licht,2020-10-16,11
1,Nena,Nichts Versäumt Live,2018-11-09,24
2,Nena,Live At So36,2016-03-04,21
3,Nena,Oldschool (Deluxe Edition),2015-02-27,17
4,Nena,Du Bist Gut (Deluxe Edition),2012-11-02,23
5,Nena,Made In Germany Live,2010-09-17,27
6,Nena,Made In Germany,2009-11-06,13
7,Nena,"Himmel, Sonne, Wind Und Regen",2008-01-01,15
8,Nena,Cover Me (New Version),2007-09-28,30
9,Nena,Tausend Sterne,2002,16
10,Nena,Nena Macht Rabatz,1999-01-01,25
11,Nena,Live '98,1998-01-01,14
12,Nena,Colour Collection,1998-01-01,14
13,Nena,"Wenn Alles Richtig Ist, Dann Stimmt Was Nich",1998-01-01,12
14,Nena,Nenas Weihnachtsreise,1997-11-07,28
15,Nena,Jamma Nich,1997-01-01,11
16,Nena,Nena Und Die Bambus Bären Bande,1996-01-01,18
17,Nena,Unser Apfelhaus,1995-01-01,28
18,Nena,Bongo Girl,1992,14
0,Bananarama,Masquerade (The Unmasked Edition),2023-04-07,17
1,Bananarama,Masquerade,2022-07-22,11
3,Bananarama,Live In Stereo,2019-11-01,14
5,Bananarama,In Stereo,2019-04-19,10
7,Bananarama,Live At The London Eventim Hammersmith Apollo,2018-09-14,19
8,Bananarama,Viva (Deluxe Expanded Edition),2009-09-14,30
9,Bananarama,Viva Bananarama,2009-06-15,11
10,Bananarama,Drama,2008-09-27,13
13,Bananarama,Ultra Violet,1996-01-23,12
15,Bananarama,Please Yourself (Collector'S Edition),1992-01-01,16
16,Bananarama,Pop Life (Collector'S Edition),1991-01-01,15
17,Bananarama,Wow ! (Collector'S Edition),1987-01-01,16
18,Bananarama,True Confessions (Collector'S Edition),1986-01-01,17
19,Bananarama,Bananarama (Collector'S Edition),1984-01-01,18
0,Freddie Mercury,Never Boring,2019-10-11,12
1,Freddie Mercury,Mr. Bad Guy (Special Edition),2019-10-11,11
2,Freddie Mercury,Mr Bad Guy (Special Edition),2019-10-10,11
3,Freddie Mercury,Barcelona (Special Edition),2019-10-10,9
4,Freddie Mercury,Barcelona (Special Edition - Deluxe),2012-01-01,28
5,Freddie Mercury,Barcelona,2012,9
6,Freddie Mercury,Little Freddie Goes To School (2021 Mix),2021-12-01,3
7,Freddie Mercury,Love Of My Life,2021-11-24,1
8,Freddie Mercury,Living On My Own,2019-10-04,1
9,Freddie Mercury,Love Me Like There'S No Tomorrow,2019-09-05,1
11,Freddie Mercury,Time Waits For No One,2019-06-20,1
12,Billy Squier,Love Is The Hero,1986,1
13,Freddie Mercury,Messenger Of The Gods: The Singles Collection,2016-09-02,25
15,Freddie Mercury,"The Very Best Of Freddie Mercury Solo: Lover Of Life, Singer Of Songs",2006-09-04,35
16,Zymphonica,Hits Go Classical (Symphony Orchestra Version),2023-04-28,27
17,石田泰尚,石田組 2023・春,2023-04-26,18
18,Cellista Cello Ensemble,Cellista,2023-03-10,8
19,Zymphonica,Kill Bill - Symphony Orchestra Version,2023-02-24,3
0,Various Artists,90'S Club Hits,2021-02-21,27
1,Various Artists,90'S Dance Hits,2021-02-05,26
2,Various Artists,90'S Floorfillers,2021-02-03,28
3,Various Artists,90'S Party Mix,2020-05-15,26
4,Various Artists,Blind Test Années 90,2020-04-03,38
5,Freddie Mercury,Never Boring,2019-10-11,12
6,Freddie Mercury,Messenger Of The Gods: The Singles Collection,2016-09-02,25
0,Serge Ramaekers,My Worx,2021-11-01,2
2,Dr.Funk,Jazzin' The Way You Know,2023-01-06,4
3,You & I,One Direction (Moving In),2022-07-29,2
4,Antwerp House Squad,Set Me Free,2022-06-29,3
5,DJ F.R.A.N.K,My Cherie Amour,2022-06-21,3
6,Various Artists,We Are The Music,2021-12-30,18
7,Various Artists,90'S Club Hits,2021-02-21,27
8,Various Artists,90'S Dance Hits,2021-02-05,26
9,Various Artists,90'S Floorfillers,2021-02-03,28
10,Thibeau,It'S A Broken Love (Sir-G Remix),2020-05-20,1
11,Various Artists,90'S Party Mix,2020-05-15,26
12,Various Artists,Blind Test Années 90,2020-04-03,38
13,B-Generation,No Plastic (Feat. Plastic Bertrand) [Remixes],2019-12-06,3
14,B-Generation,No Plastic (Remixes),2019-12-06,3
15,Freddie Mercury,Never Boring,2019-10-11,12
16,Freddie Mercury,Messenger Of The Gods: The Singles Collection,2016-09-02,25
18,Katerine,Ayo Technology,2013-03-22,6
19,Confetti's,The Sound Of C,2008-09-30,4
0,Anonic,Figure Me Out,2021-09-24,1
2,Various Artists,Winter Hitz 2022,2022-01-01,43
3,Various Artists,New Dance Hitz (9),2021-11-28,20
4,Various Artists,90'S Club Hits,2021-02-21,27
5,Various Artists,90'S Dance Hits,2021-02-05,26
6,Various Artists,90'S Floorfillers,2021-02-03,28
7,Various Artists,90'S Party Mix,2020-05-15,26
8,Various Artists,Blind Test Années 90,2020-04-03,38
9,Freddie Mercury,Never Boring,2019-10-11,12
10,Freddie Mercury,Messenger Of The Gods: The Singles Collection,2016-09-02,25
12,Various Artists,"Songs Of Love: Children'S, Vol. 114",2015-07-01,20
0,Level 42,"12"" Singles And Mixes",2022-06-17,44
1,Level 42,"7"" Singles",2022-06-17,23
2,Level 42,B-Sides,2022-06-17,22
3,Level 42,Bonus Tracks,2022-06-17,18
4,Level 42,Eternity Tour 2018,2018-10-24,16
5,Level 42,Sirens Tour Live,2015-09-05,19
6,Level 42,Running In The Family: Acoustic Re-Interpretations 25 Years On,2013,9
7,Level 42,1980 - 2010 (30Th Anniversary World Tour),2010-01-01,15
8,Level 42,The Acoustic Album,2010,10
9,Level 42,Live In Holland 2009,2009-02-18,19
10,Level 42,Retroglide,2006-01-01,11
12,Level 42,Retroglide (Remastered),2006,11
13,Level 42,Retroglide Live 2006,2006,17
14,Level 42,"Live At The Apollo, London",2004-01-01,16
15,Level 42,Live At Reading Concert Hall 2001,2001-12-01,15
16,Mark King,One Man,1998-10-05,10
17,Level 42,Forever Now,1994-01-31,11
18,Level 42,Guaranteed,1991-08-29,12
19,Level 42,Staring At The Sun,1988-01-01,10
0,3NIGMA,Dead Girlfriend,2023-03-17,1
1,3NIGMA,Call Me Mr Nigmus #2Pack,2023-02-17,2
2,3NIGMA,Trying In Vain (Demo),2023-02-09,1
3,3NIGMA,Scrupulous Sluhh,2022-12-30,1
4,Baby Cryptic,"Big Booty Christmas ""Bbc"" (Freestyle)",2022-12-17,1
5,3NIGMA,Interstate 7!7!7 (Demo),2022-12-11,1
6,3NIGMA,Distant Desires,2022-11-26,4
7,3NIGMA,Scaty,2021-11-17,1
8,3NIGMA,Just Do It,2021-02-26,1
9,3NIGMA,Depersonalize / Smile,2020-12-19,1
10,3NIGMA,Lispy Brain (Yesthir),2020-12-18,1
11,3NIGMA,Rockst17R Life,2020-11-28,1
12,3NIGMA,Seasonal Depression,2020-10-08,1
13,3NIGMA,La,2020-09-19,1
14,3NIGMA,Purple Hearts,2020-08-12,1
15,3NIGMA,"Time, Pt. Ii (Initium Novum)",2020-06-19,1
16,3NIGMA,Tikthot,2020-05-29,1
17,3NIGMA,Skeezy Treesh,2019-12-27,1
18,3NIGMA,Mcm,2019-11-15,1
19,3NIGMA,Switch It Up,2019-09-11,1
0,Belinda Carlisle,The Heaven On Earth Tour,2022-04-22,19
1,Belinda Carlisle,Belinda (35Th Anniversary Edition),2021-05-28,20
2,Belinda Carlisle,Wilder Shores,2017-09-29,9
4,Belinda Carlisle,Wilder Shores (Commentary Version),2017-09-29,11
5,Belinda Carlisle,Voila,2007-02-06,11
6,Belinda Carlisle,A Woman And A Man,1996-11-11,11
7,Belinda Carlisle,Real,1993-09-29,10
8,Belinda Carlisle,Real (Remastered & Expanded Special Edition),1993-09-29,27
9,Belinda Carlisle,Live Your Life Be Free,1991-10-14,11
10,Belinda Carlisle,Live Your Life Be Free (Remastered & Expanded Special Edition),1991-10-14,25
11,Belinda Carlisle,Runaway Horses,1989-10-17,10
12,Belinda Carlisle,Runaway Horses (30Th Anniversary Edition),1989-10-17,30
13,Belinda Carlisle,Runaway Horses (Remastered & Expanded Special Edition),1989-10-17,27
14,Belinda Carlisle,Runaway Horses (Deluxe Edition),1989,27
15,Belinda Carlisle,Heaven On Earth,1987-10-05,10
16,Belinda Carlisle,Heaven On Earth (30Th Anniversary Edition),1987-10-05,13
17,Belinda Carlisle,Heaven On Earth (Remastered & Expanded Special Edition),1987-10-05,28
18,Belinda Carlisle,Heaven On Earth (Deluxe Edition),1987,28
19,Belinda Carlisle,Belinda,1986-05-19,10
0,Wham!,Music From The Edge Of Heaven,1986-07-01,8
1,Wham!,Make It Big,1984-10-23,8
2,Wham!,Fantastic,1983-07-09,11
3,Wham!,Club Tropicana (Wonderland Redux - Remix),2022-08-05,1
4,Wham!,Last Christmas,1984-11-29,3
5,Wham!,Wham Rap! (Enjoy What You Do?),1982-09-29,1
6,Wham!,Japanese Singles Collection: Greatest Hits,2020-11-11,17
7,George Michael,Uma Segunda Chance Para Amar (Trilha Sonora Original),2019-11-08,14
8,George Michael,George Michael & Wham! Last Christmas: The Original Motion Picture Soundtrack,2019-11-08,14
9,Wham!,The Final,1986-11-25,14
10,Wham!,"Wham 12"" Mixes",1985-01-03,5
11,Various Artists,Now - Yearbook 1986,2023-02-24,80
12,Various Artists,Nytår 2023,2022-12-18,125
13,Various Artists,Nochevieja Música De Fiesta,2022-12-09,41
14,Various Artists,Top 40 Hitdossier - #1 Hits,2022-12-02,100
15,Various Artists,La Mejor Música Navideña,2022-12-02,51
16,Various Artists,Now - Yearbook 1980 - 1984: The Final Chapter,2022-12-02,81
17,Various Artists,Julemusik 2022,2022-11-28,83
18,Various Artists,Fin De Año Exitos,2022-11-18,33
19,Various Artists,Vacances De Noël : En Famille À La Maison,2022-11-14,65
0,Ini Kamoze,Ini Kamoze (Remastered),2017-12-22,9
1,Ini Kamoze,Ini Kamoze Meets Xterminator: Tramplin' Down Babylon,2016-02-19,13
2,Ini Kamoze,Edm,2014-04-05,14
3,Ini Kamoze,Drum And Bass Beat Down Vol. 2,2013-07-09,10
4,Ini Kamoze,Drum And Bass Beat Down Vol. 3,2013-07-09,10
5,Ini Kamoze,Drum And Bass Beat Down Vol. 4,2013-07-09,9
6,Ini Kamoze,Drum And Bass Beat Down Vol. 5,2013-07-09,9
7,Ini Kamoze,Drum And Bass Beat Down Vol. 1,2013-07-08,11
8,Ini Kamoze,5150 Rule,2009-11-19,16
9,Ini Kamoze,Fatis Presents Ini Kamoze,2009-11-10,12
11,Ini Kamoze,Debut,2006-03-07,34
12,Ini Kamoze,Here Comes The Hotstepper,1994,12
13,Ini Kamoze,16 Vibes,1992-05-15,16
14,Ini Kamoze,Shocking Out,1988-06-10,10
16,Ini Kamoze,Statement,1984-07-06,8
17,Ini Kamoze,Ini Kamoze,1984,6
19,Ini Kamoze,Hardware,2022-10-07,3
0,Donna Summer,She Works Hard For The Money (Deluxe Edition),2023-03-03,13
1,Donna Summer,Donna Summer (40Th Anniversary Edition),2022-11-04,16
2,Donna Summer,I'M A Rainbow: Recovered & Recoloured,2021-11-19,15
3,Donna Summer,The Wanderer (40Th Anniversary),2020-10-16,17
4,Donna Summer,Live From New York,2017-06-23,15
5,Donna Summer,Love To Love You Donna (Deluxe Edition),2013-10-22,17
6,Donna Summer,Love To Love You Donna,2013-01-01,13
7,Donna Summer,I'M A Fire,2008-06-23,17
8,Donna Summer,Crayons,2008-06-09,14
15,Donna Summer,Vh1 Presents Live & More Encore!,1999-06-21,13
16,Donna Summer,I'M A Rainbow (Re-Mastered & Expanded),1996-08-20,18
17,Donna Summer,Mistaken Identity,1991-08-23,12
18,Donna Summer,Mistaken Identity (Re-Mastered & Expanded),1991-08-23,15
19,Donna Summer,Another Place & Time (30Th Anniversary Edition),1989-03-20,35
0,KC & The Sunshine Band,A Sunshine Christmas (Special Edition),2018-10-26,13
1,KC & The Sunshine Band,We Belong Together (Remixes),2016-08-12,18
2,KC & The Sunshine Band,All In A Night'S Work (Expanded Version),2016-03-11,19
3,KC & The Sunshine Band,The Painter (Expanded Version),2016-03-11,14
4,KC & The Sunshine Band,A Sunshine Christmas,2015-10-16,12
5,KC & The Sunshine Band,I Love You More Remix - Deluxe,2015-06-29,5
6,KC & The Sunshine Band,Feeling You! The 60'S,2015-03-10,17
7,KC & The Sunshine Band,15 Classic Tracks: Kc And The Sunshine Band,2013-05-03,15
8,KC & The Sunshine Band,Alle 40 Goed,2013-04-01,40
9,KC & The Sunshine Band,Essential,2012-03-19,17
10,KC & The Sunshine Band,I'Ll Be There For You,2010-12-29,14
11,KC & The Sunshine Band,The Tk Years,2009-03-09,41
12,KC & The Sunshine Band,In A Mellow Mood,2005-06-03,17
13,KC & The Sunshine Band,Kc & The Sunshine Band (Dance Remixes),2004-10-26,13
14,KC & The Sunshine Band,"Kc & The Sunshine Band, Pt. 3... And More",2004-10-26,16
15,KC & The Sunshine Band,Kc & The Sunshine Band: 25Th Anniversary Collection,2004-10-26,27
16,KC & The Sunshine Band,The Sunshine Band: The Sound Of Sunshine,2004-10-26,9
17,KC & The Sunshine Band,I'Ll Be There,2001,14
18,KC & The Sunshine Band,Kc & The Sunshine Band... And More,1994-12-13,16
19,KC & The Sunshine Band,Ten,1983,11
0,Queen,The Miracle (Collector'S Edition),2022-11-18,47
2,Queen,Live Around The World (Deluxe),2020-10-02,20
4,Queen,Bohemian Rhapsody (The Original Soundtrack),2018-10-19,22
6,Queen,On Air,2016-11-04,24
7,Queen,Queen On Air,2016-10-21,24
8,Queen,A Night At The Odeon,2015-11-13,19
10,Queen,Live At The Rainbow,2014-01-01,24
11,Queen,Live At The Rainbow (Deluxe),2014-01-01,41
12,Queen,Live At The Rainbow ‘74,2014-01-01,41
13,Queen,Hungarian Rhapsody (Live In Budapest / 1986),2012-01-01,27
14,Queen,The Cosmos Rocks,2008-01-01,14
15,Queen,Queen Rock Montreal,2007-10-29,28
18,Queen,Return Of The Champions,2005-01-01,27
19,Queen,On Fire: Live At The Bowl,2004-11-04,25
0,Bryan Adams,"Cuts Like A Knife - 40Th Anniversary, Live From The Royal Albert Hall",2023-02-03,10
1,Bryan Adams,Classic Pt. Ii,2022-07-29,7
2,Bryan Adams,Classic,2022-04-01,8
3,Bryan Adams,So Happy It Hurts,2022-03-11,12
5,Bryan Adams,Pretty Woman - The Musical,2022-03-04,16
6,Bryan Adams,Shine A Light,2019-03-01,12
9,Bryan Adams,Wembley 1996 Live,2017-06-30,24
10,Bryan Adams,Get Up (Deluxe),2015-10-16,14
12,Bryan Adams,Get Up,2015-10-16,13
15,Bryan Adams,Tracks Of My Years (Deluxe),2014-09-30,16
17,Bryan Adams,Tracks Of My Years,2014-01-01,17
0,Stanley Silverman,In Celebration: The Piano Trios Of Stanley Silverman,2023-03-03,10
1,Sting,Ten Summoner'S Tales (Expanded Edition),2023-02-24,27
2,Sting,...Nothing Like The Sun (Expanded Edition),2022-10-13,26
3,Sting,The Bridge (Super Deluxe),2022-06-17,20
4,Sting,The Bridge (Deluxe),2021-11-19,13
5,Sting,The Soul Cages (Expanded Edition),2021-01-15,22
6,Sting,Remenber Me,2020-06-18,10
7,Sting,My Songs (Live),2019-11-08,11
8,Sting,My Songs,2019-05-24,15
9,Sting,My Songs (Deluxe),2019-05-24,19
11,Sting,44/876 (Deluxe),2018-09-28,17
15,Sting,57Th & 9Th,2016-11-11,10
16,Sting,57Th & 9Th (Deluxe),2016-11-11,13
18,Sting,The Last Ship,2013-01-01,12
19,Sting,The Last Ship (Deluxe),2013-01-01,17
0,Rod Stewart,The Tears Of Hercules,2021-11-12,12
1,Rod Stewart,Rod Stewart: 1975-1978,2021-06-04,47
2,Rod Stewart,Cupid,2021-02-12,16
3,Rod Stewart,You'Re In My Heart: Rod Stewart (With The Royal Philharmonic Orchestra),2019-11-22,22
4,Rod Stewart,Blood Red Roses,2018-09-28,13
5,Rod Stewart,Blood Red Roses (Deluxe Version),2018-09-28,16
6,Rod Stewart,Handbags & Gladrags: The Essential Rod Stewart,2018-04-27,46
7,Rod Stewart,Live In London,2016-11-30,16
8,Rod Stewart,Another Country,2015-10-23,12
10,Rod Stewart,Another Country (Deluxe),2015-10-23,17
12,Rod Stewart,Live 1976 - 1998: Tonight'S The Night,2014-03-14,58
13,Rod Stewart,The Studio Albums 1975 - 2001,2014,141
14,Rod Stewart,Time,2013-01-01,12
18,Rod Stewart,Time (Deluxe),2013-01-01,28
0,Bruce Springsteen,The Live Series: Songs Of Character,2023-04-21,15
1,Bruce Springsteen,Only The Strong Survive,2022-11-11,15
2,Bruce Springsteen,The Live Series: Songs Of Location,2022-04-29,15
3,Bruce Springsteen,Bruce Springsteen & The E Street Band - The Legendary 1979 No Nukes Concerts,2021-11-19,13
4,Bruce Springsteen,Letter To You,2020-10-23,12
5,Bruce Springsteen,Western Stars - Songs From The Film,2019-10-25,14
6,Bruce Springsteen,Western Stars,2019-06-14,13
7,Bruce Springsteen,Springsteen On Broadway,2018-12-14,35
8,Bruce Springsteen,The Live Series Collection,2018-11-29,165
9,Bruce Springsteen,Live At Hollywood Center Studios 1992 Vol.2,2018,7
10,Bruce Springsteen,Live On Columbia Records Radio Hour 1995,2018,15
11,Bruce Springsteen,Chapter And Verse,2016-09-23,18
12,Bruce Springsteen,The Ties That Bind: The River Collection,2015-12-04,32
13,Bruce Springsteen,High Hopes,2014-01-14,12
14,Bruce Springsteen,Wrecking Ball,2012-03-06,13
16,Bruce Springsteen,The Promise,2010-11-16,21
17,Bruce Springsteen,Working On A Dream,2009-01-27,13
18,Bruce Springsteen,Magic,2007-09-25,12
19,Bruce Springsteen,Live In Dublin,2007-06-05,28
0,Foreigner,The Can'T Slow Down B-Sides And Extra Tracks,2020-11-27,13
1,Foreigner,Double Vision: Then And Now,2019-11-15,14
3,Foreigner,Double Vision: Then And Now (Live),2019-11-15,14
4,Foreigner,Live At The Rainbow ‘78,2019-03-15,12
5,Foreigner,Live In Concert,2019-02-15,12
6,Foreigner,フォリナー・ウィズ・21世紀シンフォニー・オーケストラ&コーラスライヴ・イン・スイス 2017,2018-04-27,14
7,Foreigner,With The 21St Century Symphony Orchestra & Chorus,2018-04-27,14
9,Foreigner,Foreigner With The 21St Century Symphony Orchestra & Chorus,2018-04-27,14
10,Foreigner,40,2017-05-19,40
12,Foreigner,Acoustique & More,2011-10-04,23
13,Foreigner,Acoustique,2011-10-04,14
15,Foreigner,Feels Like The First Time,2011-09-13,23
16,Foreigner,The Hits Unplugged,2011,11
17,Foreigner,...When It'S Live,2010-11-16,16
18,Foreigner,Itunes Live: London Festival 2010,2010-07-31,10
19,Foreigner,Can'T Slow Down,2009-10-02,13
0,Lipps Inc.,Funkytown,2003-01-01,9
1,Lipps Inc.,Mouth To Mouth,1979-11-01,4
2,Lipps Inc.,Funkytown (Domy R Informal Remix),2020-03-09,1
3,Lipps Inc.,Funkyworld: The Best Of Lipps Inc,1992-01-01,12
4,Various Artists,热评999+ 欧美精选听,2023-04-25,30
5,Various Artists,Gute Laune Musik 2023,2023-04-20,84
6,Various Artists,Lata 80,2023-04-18,46
7,Various Artists,Workout Hits 80S,2023-04-14,28
8,Various Artists,Las Canciones Del Verano,2023-04-07,50
9,Various Artists,Best Party Hits 2023,2023-04-05,96
10,Various Artists,Tubes Pour L'Été - Années 80,2023-04-05,51
11,Various Artists,80S Party Hits,2023-03-23,81
12,Various Artists,80Er Best Of,2023-03-21,96
13,Various Artists,Clásicos Para Mi Papá,2023-03-10,40
14,Various Artists,Party Lieder 2023 🥳,2023-03-06,69
15,Various Artists,Old Music Alert 80S,2023-03-02,58
16,Various Artists,Best Of Disco Music- Classics,2023-03-01,56
17,Various Artists,4 All Ages: Disco Music,2023-02-17,25
18,Various Artists,History Hits,2023-01-31,38
19,Various Artists,Party Hits,2023-01-26,18
0,The Jacksons,Triumph (Expanded Version),2021-04-30,19
1,The Jacksons,2300 Jackson Street (Expanded Version),2021-04-29,29
2,The Jacksons,Victory (Expanded Version),2021-04-29,19
3,The Jacksons,Destiny (Expanded Version),2021-02-12,14
4,The Jacksons,Goin' Places (Expanded Version),2021-02-11,12
5,The Jacksons,The Jacksons (Expanded Version),2021-02-11,14
6,The Jacksons,2300 Jackson Street,1989-05-28,11
8,The Jacksons,Victory,1984-07-02,8
9,The Jacksons,Live,1981-11-11,14
10,The Jacksons,Triumph,1980-09-26,9
11,The Jacksons,Destiny,1978-12-17,8
12,The Jacksons,Goin' Places,1977-10-08,9
13,The Jacksons,The Jacksons,1977,9
16,The Jacksons,Can You Feel It - Remixes,2021-04-29,3
17,The Jacksons,The Very Best Of The Jacksons And Jackson 5,2004-06-28,32
18,The Jacksons,The Essential Jacksons,2004-03-05,14
19,Various Artists,Philly Soul Reunion,2021-04-30,50
0,Vanilla Ice,Wtf,2011-08-30,16
1,Vanilla Ice,Vanilla Ice Is Back! - Hip Hop Classics,2008-11-04,13
2,Vanilla Ice,Platinum Underground (Clean Version),2005-08-31,25
3,Vanilla Ice,Platinum Underground,2005-08-16,25
5,Vanilla Ice,Platinum Underground (Explicit Version),2005-01-01,25
6,Vanilla Ice,Bi-Polar,2001-01-01,24
7,Vanilla Ice,Hard To Swallow,1998-01-01,13
8,Vanilla Ice,Mind Blowin',1994-01-01,17
9,Vanilla Ice,Extremely Live,1991-01-01,15
10,Vanilla Ice,To The Extreme,1990-01-01,15
11,Vanilla Ice,Joyburst (Instrumental Version),2023-01-27,1
12,Vanilla Ice,Joyburst (Extended Version),2022-09-16,1
13,Vanilla Ice,Joyburst,2022-06-24,1
14,Forgiato Blow,Rodeo,2021-12-08,1
15,Forgiato Blow,All The Way In,2021-08-17,1
16,Forgiato Blow,Ride The Horse,2019-12-17,1
17,Forgiato Blow,Vanilla Sprite (Remix),2019-10-24,1
18,Vanilla Ice,Ice Ice Baby (Holiday Remix),2019-10-04,1
19,Zumba Fitness,Ice Ice Baby (Zumba Remix),2012-07-26,1
0,Baltimora,Tarzan Boy: The World Of Baltimora,2010-01-01,16
2,Baltimora,Living In The Background,1985-01-01,6
3,pecy,Celestial,2023-03-19,1
4,Various Artists,Karaoke Italiano Anni 80'S Canzoni Italiane,2023-04-26,35
5,Various Artists,Pic Nic Di Pasqua Canzoni Italiane,2023-04-07,30
6,Various Artists,Movida Pop Hits Anni 80'S,2023-03-22,66
7,Various Artists,No Judgement,2023-03-13,33
8,Various Artists,Capodanno 80'S Party,2023-03-10,97
9,Various Artists,Música Para El Mejor Padre,2023-03-10,55
10,Various Artists,Pop Love Hits Vol 15,2023-03-08,37
11,Various Artists,Capodanno 2020 Nostalgia 80'S Hits,2023-03-08,103
13,Various Artists,80'S Power Hits Anni Ottanta,2023-03-07,70
14,Various Artists,Anni Ottanta,2023-03-06,47
15,Various Artists,Saturday Night Party 80'S,2023-03-06,52
16,Various Artists,Best Of 80’S - Anni Ottanta,2023-03-02,105
18,Various Artists,Retro Songs Vol 2,2023-02-21,31
19,Various Artists,Retro Songs Vol 11,2023-02-21,23
0,INXS,Shabooh Shoobah (40Th Anniversary / Deluxe Edition),2022-10-28,25
1,INXS,Back In Time,2016-08-01,8
2,INXS,The Inxs Collection 1980 - 1993,2014-04-07,98
3,INXS,Kick 25 (Deluxe Edition),2012-01-01,25
4,INXS,The Very Best,2011-01-01,40
7,INXS,Original Sin,2010-01-01,12
8,INXS,Switch,2005-11-29,12
11,INXS,"Live At Barker Hangar, 1993",2005-10-04,20
12,INXS,Elegantly Wasted (Remastered),1997,12
13,INXS,"Full Moon, Dirty Hearts",1993-11-02,12
15,INXS,Welcome To Wherever You Are,1992,12
16,INXS,Welcome To Wherever You Are (Remastered),1992,12
17,INXS,Live Baby Live,1991-11-11,22
19,INXS,X,1990,11
0,Bad Boys Blue,25 (The Long Mixes),2022-07-22,25
1,Bad Boys Blue,Tears Turning To Ice,2020-10-23,14
2,Bad Boys Blue,Heart & Soul Recharged (The 10Th Anniversary Edition),2019-05-03,20
3,Bad Boys Blue,Heart & Soul (Recharged) [The 10Th Anniversary Edition],2018-11-23,14
4,Bad Boys Blue,30,2015-09-01,30
7,Bad Boys Blue,"Hot Girls, Bad Boys",2015-02-20,8
8,Bad Boys Blue,The 25Th Anniversary Album,2011-09-02,32
9,Bad Boys Blue,Bad Boys Best 2001,2011-07-15,22
10,Bad Boys Blue,More Bad Boys Best,2011-07-15,12
11,Bad Boys Blue,25,2010-08-27,32
13,Bad Boys Blue,Around The World,2010-07-28,14
14,Bad Boys Blue,25 (Remastered),2010,32
15,Bad Boys Blue,Rarities Remixed,2009-07-01,10
16,Bad Boys Blue,Heart & Soul,2008-09-26,17
18,Bad Boys Blue,Heart And Soul,2008-06-13,14
0,Paul McCartney,The 7” Singles,2022-12-02,159
1,Paul McCartney,Mccartney Iii Imagined,2021-04-16,11
2,Paul McCartney,Mccartney Iii,2020-12-18,11
3,Paul McCartney,Flaming Pie (Archive Collection),2020-07-31,45
4,Paul McCartney,Flaming Pie,2020-07-31,14
5,Paul McCartney,Egypt Station (Explorer'S Edition),2019-05-17,26
6,Paul McCartney,Flowers In The Dirt,2018-12-07,31
7,Paul McCartney,Spotify Singles: Paul Mccartney Box Set,2018-09-14,17
8,Paul McCartney,Egypt Station,2018-09-07,16
9,Paul McCartney,New (Collector'S Edition),2014-01-01,7
10,Paul McCartney,New,2013-10-15,12
11,Paul McCartney,New (Deluxe Edition),2013-10-15,14
14,Paul McCartney,Kisses On The Bottom - Complete Kisses,2012-11-27,31
15,Paul McCartney,Kisses On The Bottom,2012-01-01,14
16,Paul McCartney,Mccartney: Ocean'S Kingdom (Deluxe Version),2011-01-01,8
17,Paul McCartney,Ocean'S Kingdom,2011-01-01,4
18,Paul McCartney,Good Evening New York City,2009-11-17,33
19,Paul McCartney,Amoeba Gig (Live),2007-11-13,21
0,Bappi Lahiri,Will To Live,2011,9
1,MC Hammer,Inside Out,1995-12-09,12
2,MC Hammer,The Funky Headhunter,1994-03-01,16
3,MC Hammer,Too Legit To Quit,1991-01-01,13
4,MC Hammer,Please Hammer Don'T Hurt 'Em,1990-02-20,13
5,MC Hammer,Let'S Get It Started,1988-01-01,11
6,MC Hammer,Celebrating World Music Day (I Got The Music),2015-06-19,1
8,Bappi Lahiri,I Got The Music,2013-11-21,1
10,MC Hammer,2 Legit 2 Quit (Karaoke Version),2010-01-01,1
11,MC Hammer,Pray,1990-01-01,5
12,MC Hammer,U Can'T Touch This,1990,1
13,MC Hammer,U Can'T Touch This (Karaoke Version),1990,1
14,MC Hammer,U Can'T Touch This: The Collection,2003-01-01,17
15,MC Hammer,Greatest Hits,1996-10-01,12
16,Various Artists,Hip-Hop At Fifty: The Golden Era,2023-03-17,30
17,Various Artists,Old Music Alert 90S,2023-03-02,61
18,Various Artists,Class Of '92,2023-02-24,32
19,Various Artists,Ultimate Party Classics Hip Hop,2023-02-15,84
0,Deee-Lite,Dewdrops In The Garden,1994-08-02,16
1,Deee-Lite,Infinity Within,1992-06-23,14
2,Deee-Lite,World Clique,1990-08-07,12
3,Deee-Lite,Runaway,2021-08-20,8
4,Deee-Lite,What Is Love?,2020-04-03,3
5,Deee-Lite,Good Beat,2020-03-20,5
6,Deee-Lite,Power Of Love,2020-02-28,5
7,Deee-Lite,Groove Is In The Heart,1990,8
9,Deee-Lite,The Elektra Years,2020-01-03,61
10,Deee-Lite,The Very Best Of Deee-Lite,2001,20
11,Deee-Lite,Sampladelic Relics & Dancefloor Oddities,1996,19
12,Various Artists,Feeling Good Happy Hits,2023-04-29,55
13,Various Artists,Pride Party 2023,2023-04-28,41
14,Various Artists,Some 90S Hits,2023-04-28,35
15,Various Artists,Hits Rewind,2023-04-28,99
16,Various Artists,Timeless Classics - Big Hits,2023-04-27,99
17,Various Artists,Summer Bbq Classic Hits,2023-04-27,60
18,Various Artists,Indie Dance,2023-04-27,25
19,Various Artists,Nineties Music,2023-04-26,50
0,ABBA,Voyage,2021-11-05,10
1,ABBA,Live At Wembley Arena,2014-01-01,25
2,ABBA,Thank You For The Music,1994-01-01,66
3,ABBA,The Visitors,1981,13
4,ABBA,The Visitors (Deluxe Edition),1981,16
5,ABBA,Super Trouper,1980,12
6,ABBA,Voulez-Vous,1979,13
7,ABBA,The Album,1977,10
8,ABBA,Arrival,1976,12
9,ABBA,Abba,1975,13
10,ABBA,Waterloo (Deluxe Edition),1974-03-04,19
11,ABBA,Waterloo,1974,14
12,ABBA,Ring Ring,1973,15
13,ABBA,Ring Ring (Deluxe Edition),1973,25
14,ABBA,Little Things,2021-12-03,1
15,ABBA,Just A Notion,2021-10-22,1
16,ABBA,I Still Have Faith In You / Don'T Shut Me Down,2021-09-02,2
17,ABBA,Abba Gold Anniversary Edition,2014-01-01,59
18,ABBA,The Essential Collection,2012-01-01,39
19,ABBA,Abba Gold,2008-01-01,19
0,Chicago,Born For This Moment,2022-07-15,14
2,Chicago,Live On The Run (Live 1978),2022-06-10,18
3,Chicago,Heading West (Live 1978),2022-04-08,18
4,Chicago,New York 1977,2022-02-24,16
5,Chicago,Slow Motion Riders (Live 1983),2021-11-24,9
6,Chicago,Chicago At Carnegie Hall - Complete (Live),2021-09-21,214
7,Chicago,Another Day In The Park (Live 1982),2021-01-28,23
8,Chicago,Chicago Christmas (2019),2019-10-11,11
9,Chicago,Live,2019-07-14,7
10,Chicago,Live!,2019-07-14,7
11,Chicago,Chicago Ii - Live On Soundstage,2018-06-29,12
12,Chicago,Sound Stage (Live),2018-06-22,15
13,Chicago,Chicago: Vi Decades Live (This Is What We Do),2018-04-06,29
14,Chicago,Now (Chicago Xxxvi),2014-07-08,11
16,Chicago,The Nashville Sessions,2013-04-26,15
17,Chicago,Chicago Xxxiii: O Christmas Three,2011-10-04,14
18,Chicago,Live In '75,2011-01-24,24
19,Chicago,Chicago Xxxii: Stone Of Sisyphus,2008-06-13,15
0,Survivor,Hand Of Fate (Live 1984),2022-10-11,9
1,Survivor,Sucker Punch (Live 1986),2019-09-27,9
2,Survivor,Too Hot To Sleep,1988-09-25,10
4,Survivor,When Seconds Count,1986-01-01,10
6,Survivor,Vital Signs,1984-01-01,9
8,Survivor,Caught In The Game,1983-09-25,9
10,Survivor,Eye Of The Tiger,1982,9
12,Survivor,Premonition,1981-09-24,8
14,Survivor,Survivor,1979-10-25,12
16,Survivor,Eye Of The Tiger 2006 Master,2006-01-01,1
17,Survivor,The Essential Survivor,2014-10-24,35
18,Survivor,The Best Of Survivor,2006,14
0,Paul Lekakis,Tattoo It,2022-02-18,10
1,Paul Lekakis,(I Need A) Vacation,2018-01-31,6
2,Paul Lekakis,Rainbow,2022-12-21,3
3,Paul Lekakis,Rainbow (Barona & Hull Club Remix),2022-12-21,1
4,Paul Lekakis,Somebody (Is Out There),2017-09-09,1
5,Paul Lekakis,All Around The World,2016-06-28,11
6,Paul Lekakis,Meet Me On The Dance Floor,2016-06-14,6
7,Paul Lekakis,"Boom, Boom (Let'S Go Back To My Room) (Re-Recorded / Remastered Version)",2010-05-01,2
8,Paul Lekakis,Boom Boom (Let'S Go Back To My Room) [Uk Chart Top 100 - No. 60],2010,1
9,Paul Lekakis,Fruit Machine,1988,2
11,Paul Lekakis,Boom Boom,1982-09-16,1
12,Various Artists,Lost In The 80S,2022-07-15,25
13,Various Artists,No.1 Urban Hits,2014-11-01,100
14,Various Artists,Automatix,2014-09-01,53
15,Various Artists,New Wave Electro For Film & Tv,2014-04-10,39
16,Various Artists,80'S & 90'S Jams! Hits Of The Decade,2014-03-01,46
17,Steven Redant,Remixes,2014,4
18,Various Artists,The '80S,2013-10-17,50
19,Various Artists,80S Party Hits,2013-09-17,60
0,Kylie Minogue,Infinite Disco,2022-04-08,18
3,Kylie Minogue,Disco (Extended Mixes),2021-12-10,12
6,Kylie Minogue,Disco: Guest List Edition,2021-11-12,26
7,Kylie Minogue,Disco (Guest List Edition),2021-11-12,26
9,Kylie Minogue,Disco (Deluxe),2020-11-06,16
12,Kylie Minogue,Golden: Live In Concert,2019-12-06,31
13,Kylie Minogue,Golden - Live In Concert,2019-12-06,31
14,Kylie Minogue,Golden,2018-04-20,17
17,Kylie Minogue,Golden (Deluxe Edition),2018-04-06,16
19,Kylie Minogue,Kylie Christmas (Snow Queen Edition),2016-11-25,23
0,STOP,The Latin Connection,1989-06-01,7
1,Jona Alta Nota,Stop In My Life,2022-05-01,1
2,Various Artists,Open The Dance Vault,2019-11-15,11
3,Various Artists,Garland Records: Pacific Northwest Fuzz Box,2019-09-27,15
4,Various Artists,Garland Records: Pacific Northwest Stash Box,2019-09-27,16
7,Various Artists,Moiko World Music Vol 2,2010-09-05,10
8,Various Artists,Melodien Zum Träumen,2009-01-06,15
0,Styx,Search For Tomorrow (Live 1977),2022-05-20,7
1,Styx,Crash Of The Crown,2021-06-18,15
2,Styx,The Mission,2017-06-16,14
3,Styx,"Live At The Orleans Arena, Las Vegas",2015-07-24,12
4,Styx,The Grand Illusion & Pieces Of Eight - Live,2011-02-03,18
5,Styx,One With Everything: Styx & The Contemporary Youth Orchestra,2006-01-01,13
6,Styx,Big Bang Theory,2005-01-01,14
7,Styx,The Complete Wooden Nickel Recordings,2005-01-01,35
8,Styx,Cyclorama,2003-02-18,14
10,Styx,Styxworld Live 2001,2001-06-05,13
12,Styx,Arch Allies - Live At Riverport,2000-09-26,21
13,Styx,Brave New World,1999-06-29,14
15,Styx,Return To Paradise,1997-04-14,20
17,Styx,Edge Of The Century,1990-01-01,10
18,Styx,Caught In The Act - Live,1984-01-01,14
19,Styx,Kilroy Was Here,1983-01-01,9
0,Rick James,Rick James Forever,2021-10-29,8
2,Rick James,In The Raw (Live 1982),2019-07-31,13
3,Rick James,Deeper Still,2007-05-15,11
4,Rick James,The Definitive Collection,2006-03-14,17
5,Rick James,Anthology,2002-06-18,27
6,Rick James,Kickin',1988,10
7,Rick James,Wonderful,1988,11
8,Rick James,The Flag (Bonus Track Version),1986-04-18,15
9,Rick James,The Flag,1986-04-18,13
10,Rick James,Glow,1985-05-21,9
11,Rick James,Glow (Deluxe Edition),1985-05-21,20
12,Rick James,Cold Blooded (Expanded Edition),1983-08-05,10
13,Rick James,Throwin' Down (Expanded Edition),1982,13
14,Rick James,Street Songs (Deluxe Edition),1981-04-07,25
15,Rick James,Street Songs (Expanded Edition),1981-04-07,10
16,Rick James,Garden Of Love (Expanded Edition),1980-07-16,9
17,Rick James,Garden Of Love,1980-07-16,9
18,Rick James,Fire It Up,1979-10-16,8
19,Rick James,Bustin' Out Of L Seven,1979-04-01,9
0,Diana Ross,Thank You,2021-11-05,13
1,Diana Ross,Supertonic: Instrumental Mixes,2020-05-29,9
2,Diana Ross,Supertonic: Mixes,2020-05-29,9
3,Diana Ross,Sings Songs From The Wiz,2015-11-27,13
4,Diana Ross,The Greatest,2011-11-07,44
5,Diana Ross,I Love You,2006-10-02,15
8,Diana Ross,Blue,2006-06-20,16
9,Diana Ross,Every Day Is A New Day,1999-05-04,13
11,Diana Ross,Take Me Higher,1995-09-05,11
13,Diana Ross,A Very Special Season,1994-11-14,13
14,Diana Ross,Diana Extended: The Remixes,1994-04-11,7
15,Plácido Domingo,Christmas In Vienna,1993-10-05,15
16,Diana Ross,The Force Behind The Power,1991-09-01,12
18,Diana Ross,Workin' Overtime,1989-06-06,10
0,James Brown,Super Bad Live!,2022-12-09,18
2,James Brown,Fever Keeps Growin' (Live 1977),2022-07-06,12
3,Stro Elliot,Black & Loud: James Brown Reimagined By Stro Elliot,2022-02-18,10
4,James Brown,Masterpieces (Live),2021-05-11,19
5,James Brown,Collected,2020-06-26,67
6,James Brown,Live At Home With His Bad Self (2019 Mix),2019-10-25,19
7,James Brown,Say It Live And Loud: Live In Dallas 08.26.68 (Expanded Edition),2018-10-12,24
8,James Brown,Come Over Here,2017-11-24,12
9,James Brown,I'M Real (Expanded),2015-12-18,21
10,James Brown,Lo Mejor De James Brown,2015-07-17,15
11,James Brown,Get On Up - The James Brown Story (Original Motion Picture Soundtrack),2014-07-29,20
12,James Brown,Get On Up - The James Brown Story,2014-07-29,20
13,James Brown,Get Down With James Brown: Live At The Apollo Vol. Iv,2014-01-01,19
14,James Brown,Grits & Soul (Expanded Edition),2014-01-01,16
15,James Brown,Legenden Des Soul - James Brown,2014-01-01,18
16,James Brown,Diggin’ James Brown Mixed By Muro,2013-10-30,43
17,James Brown,The Singles Vol. 10 1975-1979,2011-02-11,36
18,James Brown,The Complete James Brown Christmas,2010-01-01,37
19,James Brown,The Singles: Vol. 9 1973-1975,2010-01-01,35
0,Ray Charles,Live In Stockholm 1972,2022-05-06,9
1,Ray Charles,C.C. Rider,2022-04-13,26
2,Ray Charles,True Genius,2021-09-10,90
3,Ray Charles,The Atlantic Hits,2019-02-08,55
4,Ray Charles,The Atlantic Studio Albums In Mono (Remaster),2016-09-23,78
5,Ray Charles,King Of Cool,2014-06-06,73
6,Ray Charles,Legenden Des Soul - Ray Charles,2014-01-01,16
7,Ray Charles,Ray Charles Sings The Blues,2011-03-29,30
8,Ray Charles,The Genious Of Soul - Ray Charles,2011-03-29,30
9,Ray Charles,"Bd Music Presents Ray Charles, Vol. 2",2010-09-20,40
10,Ray Charles,"Early Ray Charles, Vol. 3 (See See Rider 1949 - 1950)",2010-01-01,17
11,Ray Charles,"Modern Sounds In Country And Western Music, Vols 1 & 2",2009-06-02,24
12,Ray Charles,Blues Is My Middle Name,2008-10-21,26
13,Ray Charles,The Genius!,2007-10-30,60
14,Ray Charles,Definitive Soul: Ray Charles,2007-02-05,30
15,Ray Charles,The Essential Blue Archive: The Soul Of A Man,2007-01-26,20
16,Ray Charles,"Ray Sings, Basie Swings",2006-10-03,12
17,Ray Charles,Ray Charles In Person,2005-01-18,7
18,Ray Charles,The Great Hits Of Ray Charles Recorded On 8-Track Stereo,2005-01-18,13
19,Ray Charles,The Ray Charles Story Volume 1,2005-01-18,15
0,Murray Head,My Back Pages,2012-10-29,13
2,Murray Head,Blues & Beyond,2010-03-01,10
3,Murray Head,Rien N' Est Écrit,2008-07-02,14
4,Murray Head,Tête À Tête,2007-03-05,12
5,Murray Head,Pipe Dreams (Remastered),1995-01-01,14
6,Murray Head,A Gauche En Sortant De L'Ascenseur (Bande Originale Du Film),1988-10-10,12
7,Murray Head,Shade,1982,9
8,Murray Head,Find The Crowd (Live),1981,10
9,Murray Head,Emotions (My Favourite Songs),1980,15
10,Murray Head,Voices,1980,10
11,Murray Head,Between Us,1979,10
12,Murray Head,Say It Ain'T So,1976,10
13,Murray Head,Say It Ain'T So (Remastered 2017),1975,10
14,Murray Head,Nigel Lived,1972,14
15,Murray Head,That'S Rich (2023 Version),2023-03-10,1
16,Murray Head,One Night In Bangkok (From “Chess”),2016-02-26,2
17,Murray Head,One Night In Bangkok (Radio Edit / From “Chess” / Remastered 2016),2016-02-26,1
18,Murray Head,Dust In The Wind,2012-10-29,2
19,Murray Head,Rien N'Est Ecrit,2008-01-21,1
